#key	style	ss_system_id
005	box-3D	147
10yard	box-3D	148
11beat	box-3D	149
18wheelr	box-3D	56
1941	box-3D	6
1942	box-3D	151
1943	box-3D	151
1943kai	box-3D	151
1943mii	box-3D	151
1944	box-3D	7
1945kiii	box-3D	167
19xx	box-3D	7
1on1gov	box-3D	153
2020bb	box-3D	142
20pacgal	box-3D	155
25pacman	box-3D	155
280zzzap	box-3D	150
39in1	box-3D	75
3bagfull	box-3D	75
3cdpoker	box-3D	75
3countb	box-3D	142
3in1mbc	mixrbv2	75
3in1semi	box-3D	187
3kokushi	box-3D	189
3on3dunk	box-3D	175
3stooges	box-3D	209
3super8	box-3D	176
3wonders	box-3D	6
3x3puzzl	box-3D	75
40love	box-3D	157
4dwarrio	box-3D	147
4enraya	box-3D	75
4in1	box-3D	75
4in1boot	box-3D	75
4psimasy	box-3D	180
500gp	box-3D	155
5acespkr	box-3D	75
5clown	box-3D	176
64street	box-3D	159
720	box-3D	160
7jigen	box-3D	173
7mezzo	box-3D	75
7ordi	box-3D	75
7smash	box-3D	75
88games	box-3D	158
8ball	box-3D	179
8ballact	box-3D	161
9ballsht	box-3D	75
a51site4	box-3D	160
aafb	box-3D	75
abaseb	box-3D	160
abcheck	box-3D	155
abcop	box-3D	147
abnudge	box-3D	178
abunai	box-3D	180
aburner	box-3D	147
aburner2	box-3D	147
acchi	box-3D	162
ace	box-3D	75
aceattac	box-3D	147
acedrive	box-3D	156
acrobatm	box-3D	157
act2000	box-3D	178
actfancr	box-3D	162
actionhw	box-3D	75
ad2083	box-3D	179
adcanoe	mixrbv2	157
adillor	box-3D	156
adpoker	box-3D	75
aerofgt	box-3D	175
aerofgts	box-3D	175
afighter	box-3D	147
agallet	box-3D	47
agress	box-3D	169
aimode	box-3D	180
ainferno	box-3D	157
airass	box-3D	148
airattck	box-3D	177
airbustr	box-3D	155
airco22b	box-3D	156
aircomb	box-3D	155
airduel	box-3D	148
airraid	box-3D	190
airtrix	box-3D	258
airwlkrs	box-3D	162
airwolf	box-3D	75
ajax	box-3D	158
akamaru	box-3D	173
akamj	mixrbv2	75
akazukin	box-3D	75
aking	box-3D	155
akiss	box-3D	159
akkaarrh	box-3D	160
aladmdb	box-3D	147
alchemst	box-3D	75
alcon	box-3D	157
alexkidd	box-3D	147
alibaba	box-3D	147
alien3	box-3D	147
alienar	box-3D	150
aliencha	box-3D	176
aliencr	box-3D	155
alienfnt	box-3D	56
aliens	box-3D	158
aliensec	box-3D	155
aliensyn	box-3D	147
aligator	box-3D	194
alinvade	box-3D	75
alpha1v	box-3D	148
alphaho	box-3D	162
alpham2	box-3D	142
alpilot	box-3D	56
alpine	box-3D	157
alpinerd	box-3D	156
alpines	box-3D	156
alpinr2b	box-3D	156
altair	box-3D	75
altair2	mixrbv2	75
altbeast	box-3D	147
am_mg3	box-3D	75
amazon	box-3D	180
amaztsk	mixrbv2	75
ambush	box-3D	75
amerdart	box-3D	75
amidar	box-3D	158
ampoker2	box-3D	75
amspdwy	box-3D	75
amusco	box-3D	75
androdun	box-3D	142
androidp	box-3D	75
andromed	box-3D	148
angelkds	box-3D	147
anibonus	box-3D	178
animalc	box-3D	164
animaljr	box-3D	157
animalw	mixrbv2	75
animechmp	mixrbv2	158
anithunt	box-3D	178
anmlbskt	box-3D	53
anpanman2	mixrbv2	147
anteater	box-3D	158
aodk	box-3D	142
aof	box-3D	142
aof2	box-3D	142
aof3	box-3D	142
aoh	box-3D	187
apache3	box-3D	75
apb	box-3D	160
aplarail	box-3D	155
aplatoon	mixrbv2	170
apparel	box-3D	180
apple10	box-3D	75
appoooh	box-3D	147
aquajack	box-3D	157
aquajet	box-3D	156
aquarium	box-3D	75
aquarush	box-3D	155
ar_airh	box-3D	75
ar_argh	box-3D	75
ar_blast	box-3D	75
ar_bowl	box-3D	75
ar_dart	box-3D	75
ar_dlta	box-3D	75
ar_fast	box-3D	75
ar_ldrb	box-3D	75
ar_ninj	box-3D	75
ar_pm	box-3D	75
ar_rdwr	box-3D	75
ar_sdwr	box-3D	75
ar_socc	box-3D	75
ar_spot	box-3D	75
ar_sprg	box-3D	160
ar_xeon	box-3D	150
arabfgt	box-3D	147
arabian	box-3D	160
arabianm	box-3D	157
arbalest	box-3D	149
arcadecl	box-3D	160
arcadian	box-3D	163
archrivl	box-3D	150
area51	box-3D	160
area51mx	box-3D	160
arescue	box-3D	147
argus	box-3D	163
argusg	box-3D	209
arkanoid	box-3D	157
arkarea	box-3D	75
arkatour	box-3D	157
arknoid2	box-3D	157
arkretrn	box-3D	157
arlingtn	box-3D	193
armedf	box-3D	180
armora	box-3D	192
armorcar	box-3D	158
armwar	box-3D	7
armwrest	box-3D	161
ashura	box-3D	157
asndynmt	box-3D	56
aso	box-3D	154
assault	box-3D	155
astdelux	box-3D	160
asterix	box-3D	158
astorm	box-3D	147
astrass	box-3D	69
astrob	box-3D	147
astrof	box-3D	162
astron	box-3D	49
astropal	box-3D	157
astyanax	box-3D	159
asuka	box-3D	157
asurabld	box-3D	75
asurabus	box-3D	75
asylum	box-3D	75
atarifb	box-3D	160
ataxx	box-3D	151
atehate	box-3D	149
atetris	box-3D	160
athena	box-3D	154
atlantis	box-3D	158
atomicp	box-3D	147
attackfc	box-3D	157
attckufo	box-3D	75
atworld	box-3D	178
au	mixrbv2	75
aurail	box-3D	147
ausfache	box-3D	56
av2mj1bb	box-3D	180
av2mj2rg	box-3D	180
avalnche	box-3D	160
avengers	box-3D	151
avengrgs	box-3D	162
avsp	box-3D	7
avspirit	box-3D	159
avtbingo	box-3D	75
aztarac	box-3D	75
azumanga	box-3D	227
azurian	box-3D	158
b2b	box-3D	142
baccarsp	mixrbv2	75
backfire	box-3D	162
backfirt	box-3D	153
baddog	box-3D	75
baddudes	box-3D	162
badlands	box-3D	160
bagman	box-3D	157
baile	mixrbv2	75
bakatono	box-3D	142
bakubaku	box-3D	69
bakutotu	box-3D	155
balcube	box-3D	189
ballbomb	box-3D	157
ballbros	box-3D	157
balonfgt	box-3D	161
baluba	box-3D	75
bam2	box-3D	155
bananadr	box-3D	180
banbam	box-3D	75
bandit	box-3D	162
bang	box-3D	194
bangball	box-3D	186
bangbead	box-3D	142
bankp	box-3D	147
barek2ch	box-3D	75
barek3mb	box-3D	75
barek3mbc	mixrbv2	75
barekch	box-3D	75
barline	box-3D	180
barricad	box-3D	75
barrier	box-3D	192
baryon	box-3D	187
basebal2	box-3D	192
basschal	box-3D	53
bassdx	box-3D	55
batcir	box-3D	7
batlgear	box-3D	157
batlgr2	box-3D	157
batman	box-3D	160
batmanfr	box-3D	69
batrider	box-3D	152
batsugun	box-3D	191
battlane	box-3D	157
battlcry	box-3D	189
battlera	box-3D	162
battlex	box-3D	75
battlnts	box-3D	158
battroad	box-3D	148
bayroute	box-3D	147
bbakraid	box-3D	152
bballoon	box-3D	75
bballs	box-3D	177
bbbxing	box-3D	159
bbh	box-3D	193
bbh2sp	box-3D	193
bbhcotw	box-3D	193
bbhsc	box-3D	193
bbmanw	box-3D	148
bbonk	box-3D	75
bbprot	box-3D	75
bbust2	box-3D	154
bbusters	box-3D	154
bchance	box-3D	75
bchopper	box-3D	148
bcruzm12	box-3D	147
bcstry	box-3D	187
bdrdown	box-3D	227
beachspi	box-3D	230
beaminv	box-3D	75
beastrzr	box-3D	152
beathead	box-3D	160
beezer	box-3D	75
begas	box-3D	49
bejpoker	box-3D	75
bel	box-3D	54
benberob	box-3D	157
berabohm	box-3D	155
berenstn	box-3D	75
berlwall	box-3D	174
bermudat	box-3D	154
berzerk	box-3D	75
bestbest	box-3D	75
bestri	box-3D	75
bgaregga	box-3D	152
bigappg	mixrbv2	75
bigbucks	box-3D	155
bigcsino	box-3D	75
bigevglf	box-3D	157
bigfight	box-3D	75
bigjoke	box-3D	75
bigkarnk	box-3D	194
bigprowr	box-3D	169
bigrun	box-3D	159
bigstrik	box-3D	159
bigtwin	mixrbv2	75
bijokkog	box-3D	180
bijokkoy	box-3D	180
bikiniko	box-3D	180
bikkuri	box-3D	180
bikkuric	box-3D	158
bilyard	box-3D	75
bingowng	box-3D	178
bioatack	box-3D	157
biofreak	box-3D	150
biohzdmb	mixrbv2	75
biomtoy	box-3D	194
bionicc	box-3D	151
bioship	box-3D	164
birdiy	box-3D	155
birdtry	box-3D	162
bishi	box-3D	158
bjourney	box-3D	142
bjpoker	box-3D	75
bjtwin	box-3D	163
bk3ssrmb	box-3D	75
bking	box-3D	157
bking2	box-3D	157
bking3	box-3D	157
bkrtmaq	box-3D	155
black	box-3D	75
blackhol	box-3D	75
blackpnt	box-3D	158
blackt96	box-3D	75
bladestl	box-3D	158
blandia	box-3D	149
blasted	box-3D	150
blaster	box-3D	150
blasto	box-3D	75
blastoff	box-3D	155
blazeon	box-3D	174
blazer	box-3D	155
blazlaz	box-3D	155
blazstar	box-3D	142
bldyror2	box-3D	152
blitz	box-3D	150
blitz2k	box-3D	150
blitz99	box-3D	150
blkheart	box-3D	75
blkhole	box-3D	158
blktch2	box-3D	75
blktiger	box-3D	151
blktouch	box-3D	173
blmbycar	box-3D	75
blnctry	mixrbv2	155
block	box-3D	151
blockade	box-3D	75
blockcar	box-3D	181
blocken	box-3D	181
blockgal	box-3D	147
blockhl	box-3D	158
blockout	box-3D	169
blokpong	box-3D	53
bloodbro	box-3D	75
bloodstm	box-3D	193
bloodwar	box-3D	174
bloxeed	box-3D	147
blstroid	box-3D	160
blswhstl	box-3D	158
bluehawk	box-3D	75
blueprnt	box-3D	150
blueshrk	box-3D	150
blzntrnd	box-3D	189
bm1stmix	box-3D	158
bm2ndmix	box-3D	158
bm3	box-3D	158
bm36th	mixrbv2	158
bm37th	mixrbv2	158
bm3core	mixrbv2	158
bm3final	mixrbv2	158
bm3rdmix	box-3D	158
bm4thmix	box-3D	158
bm5thmix	box-3D	158
bm6thmix	box-3D	158
bm7thmix	box-3D	158
bmanroul	mixrbv2	152
bmaster	box-3D	148
bmcbowl	box-3D	75
bmclubmx	box-3D	158
bmcompm2	box-3D	158
bmcompmx	box-3D	158
bmcorerm	box-3D	158
bmcpokr	box-3D	75
bmdct	box-3D	158
bmfinal	box-3D	158
bmiidx2	box-3D	158
bmiidx3	mixrbv2	158
bmiidx4	box-3D	158
bmiidx5	mixrbv2	158
bmiidx6	box-3D	158
bmiidx7	mixrbv2	158
bmiidx8	box-3D	158
bmiidxc	box-3D	158
bmiidxc2	mixrbv2	158
bmiidxs	box-3D	158
bmxstunts	mixrbv2	75
bnglngby	box-3D	161
bngotime	mixrbv2	75
bnstars1	box-3D	159
bnzabros	box-3D	147
bodyslam	box-3D	147
bogeyman	box-3D	169
boggy84	box-3D	174
bombbee	box-3D	155
bombjack	box-3D	75
bombkick	box-3D	75
bombsa	box-3D	159
bonanza	box-3D	75
bongo	box-3D	158
bonkadv	box-3D	174
bonusch	box-3D	178
bonzeadv	box-3D	157
boogwing	box-3D	162
boomrang	box-3D	162
boonggab	box-3D	187
boothill	box-3D	150
borench	box-3D	147
borntofi	box-3D	75
bosco	box-3D	155
botanic	box-3D	157
botss	box-3D	75
bottle10	box-3D	75
bottom9	box-3D	158
bouldash	box-3D	162
bounty	box-3D	75
bowl3d	box-3D	75
bowler	box-3D	150
bowlrama	box-3D	151
bowmen	box-3D	178
boxer	box-3D	160
boxingb	box-3D	192
boxyboy	box-3D	155
bradley	box-3D	160
brain	box-3D	147
brainbox2	mixrbv2	75
brapboys	box-3D	174
brasil	box-3D	75
brasil86	box-3D	75
brasil87	box-3D	75
brasil89	box-3D	75
brasil93	box-3D	75
braveff	box-3D	258
brdrline	box-3D	147
breakers	box-3D	142
breakrev	box-3D	142
brickppl	box-3D	147
brickzn	box-3D	75
brival	box-3D	147
brixian	box-3D	157
brkball	mixrbv2	75
brkthru	box-3D	162
brod	box-3D	75
brubber	box-3D	162
brutforc	box-3D	75
brvblade	box-3D	152
bshark	box-3D	157
bsktball	box-3D	160
bssoccer	box-3D	75
bstars	box-3D	142
bstars2	box-3D	142
bsuerte	box-3D	75
btchamp	box-3D	158
btime	box-3D	162
btlecity	box-3D	155
btlkroad	box-3D	167
btltryst	box-3D	158
btoads	box-3D	75
bubblem	box-3D	157
bubbles	box-3D	150
bubbletr	box-3D	155
bubl2000	box-3D	163
bublbob2	box-3D	157
bublbobl	box-3D	157
buccanrs	box-3D	148
buckrog	box-3D	147
bucky	box-3D	158
bugfever	box-3D	178
buggyboy	box-3D	160
buggychl	box-3D	157
bujutsu	box-3D	158
bullet	box-3D	147
bullfgt	box-3D	147
bullfgtr	box-3D	182
bullsdrt	box-3D	160
burglarx	box-3D	75
buriki	box-3D	154
burnforc	box-3D	155
burningf	box-3D	142
butasan	box-3D	163
butrfly	box-3D	75
buttdeli	box-3D	75
buttobi	box-3D	158
bwcasino	box-3D	155
bwidow	box-3D	160
bwings	box-3D	162
bygone	box-3D	157
bzone	box-3D	160
cabal	box-3D	75
cachat	box-3D	157
cadanglr	box-3D	162
cadash	box-3D	157
cafetime	box-3D	173
cairblad	box-3D	164
calcune	box-3D	75
calibr50	box-3D	149
calipso	box-3D	158
calorie	box-3D	147
calspeed	box-3D	160
cameltry	box-3D	157
candy	box-3D	75
cannball	box-3D	75
cannonbp	box-3D	155
canvas	box-3D	154
canyon	box-3D	160
capbowl	box-3D	151
capsnk	box-3D	56
captaven	box-3D	162
captcomm	box-3D	6
captflag	box-3D	159
cardline	box-3D	75
carjmbre	box-3D	75
carket	box-3D	187
carnevil	box-3D	150
carnival	box-3D	147
carnking	box-3D	193
carpolo	box-3D	165
carrera	box-3D	75
cartfury	box-3D	150
casanova	box-3D	75
casbjack	box-3D	75
cashquiz	box-3D	158
caspoker	box-3D	75
castfant	box-3D	162
catacomb	box-3D	158
catapult	box-3D	75
catchp	box-3D	160
catnmous	box-3D	150
cavelon	box-3D	179
cavenger	box-3D	188
cawing	box-3D	6
cbaj	box-3D	153
cball	box-3D	160
cbasebal	box-3D	151
cbdash	box-3D	162
cbombers	box-3D	157
cbtime	box-3D	162
cburnrub	box-3D	162
cbuster	box-3D	162
ccasino	box-3D	75
ccastles	box-3D	160
cchance	box-3D	157
cchasm	box-3D	192
cclimber	box-3D	180
cclimbr2	box-3D	180
cclownz	box-3D	75
cdiscon1	box-3D	162
cdracula	box-3D	173
cdsteljn	box-3D	162
cecmatch	box-3D	75
centiped	mixrbv2	160
cerberus	box-3D	192
cexplore	box-3D	162
cfarm	box-3D	75
cfboy0a1	box-3D	162
cfever1k	box-3D	75
cfever40	box-3D	75
cfever50	box-3D	75
cfever51	box-3D	75
cfever61	box-3D	75
cfghtice	box-3D	162
cfield	box-3D	227
cflyball	box-3D	162
cgangpzl	box-3D	155
cgip30cs	box-3D	75
cgold	box-3D	75
cgraplop	box-3D	162
ch2000	box-3D	178
chainrec	box-3D	162
chaknpop	box-3D	157
chalgirl	box-3D	150
challeng	box-3D	75
chameleo	box-3D	159
champbas	box-3D	147
champbb2	box-3D	147
champbwl	box-3D	149
champwr	box-3D	157
chanbara	box-3D	162
chance32	box-3D	75
changela	box-3D	157
changes	box-3D	75
chaoshea	box-3D	299
charlien	box-3D	189
chasehq	box-3D	157
chboxing	box-3D	147
checkma5	box-3D	150
checkman	box-3D	159
cheekyms	box-3D	188
cheesech	box-3D	75
chelnov	box-3D	162
chewheel	box-3D	75
cheyenne	box-3D	165
chicgum	mixrbv2	75
chiller	box-3D	165
chimerab	box-3D	159
chinagat	box-3D	169
chinatow	box-3D	162
chinhero	box-3D	157
chinmoku	box-3D	180
chinsan	box-3D	75
chkndraw	mixrbv2	75
chkun	box-3D	158
chleague	box-3D	176
chocomk	box-3D	227
chocovdr	box-3D	155
chokchok	box-3D	187
choko	box-3D	7
choplift	box-3D	147
chopper	box-3D	154
choroqhr	box-3D	69
chqflag	box-3D	158
chry10	box-3D	178
chrygld	box-3D	178
chsuper3	box-3D	75
chukatai	box-3D	157
chwrestl	box-3D	147
chwy	box-3D	162
ciclone	box-3D	75
circus	box-3D	165
circusc	box-3D	158
cischeat	box-3D	159
citybomb	box-3D	158
citycon	box-3D	159
citylove	box-3D	180
cj3play	box-3D	75
cjdlz	mixrbv2	75
cjffruit	box-3D	75
ckong	box-3D	158
ckongpt2	box-3D	180
clapapa	box-3D	162
classice	box-3D	178
claybust	box-3D	157
claychal	box-3D	53
claypign	box-3D	165
clayshoo	box-3D	75
cleoftp	box-3D	227
cleopatr	box-3D	157
cliffhgr	box-3D	49
cloak	box-3D	160
clocknch	box-3D	162
cloud9	box-3D	160
clowns	box-3D	150
clpoker	box-3D	75
clshroad	box-3D	162
cltchitr	box-3D	147
club90s	box-3D	180
clubkprz	box-3D	230
clubkrt	box-3D	230
clubpacm	box-3D	155
cluckypo	box-3D	162
cluclu	box-3D	161
cmanhat	box-3D	162
cmehyou	box-3D	180
cmissnx	box-3D	162
cmmb103	box-3D	75
cmpacman	box-3D	178
cmpap	mixrbv2	75
cmtetris	box-3D	178
cnebula	box-3D	75
cnightst	box-3D	162
cninja	box-3D	162
cntrygrl	box-3D	180
cntsteer	box-3D	162
cobra	box-3D	49
cobracom	box-3D	162
cocean1a	box-3D	162
cocoloco	box-3D	75
code1d	box-3D	158
codemagik	mixrbv2	75
colmns97	box-3D	69
colony7	box-3D	157
columns	box-3D	147
columns2	box-3D	147
combat	box-3D	165
combatsc	box-3D	158
combh	box-3D	147
comg175	box-3D	75
comg239	box-3D	75
comg240	box-3D	75
comg6004	mixrbv2	75
commando	box-3D	151
commandw	box-3D	157
commsega	box-3D	147
comotion	box-3D	75
compgolf	box-3D	162
complexx	box-3D	157
confmiss	box-3D	227
congo	box-3D	147
contcirc	box-3D	157
contra	box-3D	158
contrambc	mixrbv2	75
cookbib	box-3D	187
cookbib2	box-3D	187
cookbib3	box-3D	187
coolmini	box-3D	187
coolpool	box-3D	75
coolridr	box-3D	147
coozumou	box-3D	162
cop01	box-3D	180
cops	box-3D	160
copsnrob	box-3D	160
cosmccop	box-3D	148
cosmica	box-3D	188
cosmicg	box-3D	188
cosmo	box-3D	157
cosmogng	box-3D	155
cosmos	box-3D	179
cotton	box-3D	147
cotton2	box-3D	69
cottonbm	box-3D	69
countrun	box-3D	147
countryc	box-3D	154
cpoker	box-3D	176
cpokerpk	box-3D	176
cppicf	box-3D	162
cprobowl	box-3D	162
cprogolf	box-3D	162
cpsoccer	box-3D	162
cptshark	mixrbv2	75
crackndj	box-3D	56
cracksht	box-3D	165
crakndj2	box-3D	56
crash	box-3D	165
crater	box-3D	150
crazybon	box-3D	178
crazyfgt	box-3D	149
crazywar	box-3D	75
crbaloon	box-3D	157
crgolf	box-3D	75
crgolfhi	box-3D	75
crimec	box-3D	157
crimep2	box-3D	170
crimepat	box-3D	170
crimfght	box-3D	158
critcrsh	box-3D	69
crkdown	box-3D	147
croquis	box-3D	75
crospang	box-3D	75
crossbow	box-3D	165
croupier	box-3D	75
crshrace	box-3D	175
crswd2bl	box-3D	142
crsword	box-3D	142
crszone	box-3D	155
crtaxihr	box-3D	147
crush	box-3D	182
crusherm	box-3D	75
crusnexo	box-3D	150
crusnusa	box-3D	150
crusnwld	box-3D	150
cryptklr	box-3D	158
crysking	box-3D	176
crystal	box-3D	75
crystal2	box-3D	180
crystalc	box-3D	75
crystalg	box-3D	180
crzcircus	mixrbv2	75
crzcross	box-3D	158
crzrally	box-3D	75
crzytaxi	box-3D	56
csclub	box-3D	7
cscrtry	box-3D	162
csdtenis	box-3D	162
cshift	box-3D	150
csilver	box-3D	162
csk227it	box-3D	176
cskater	box-3D	162
csmash	box-3D	56
cspike	box-3D	56
csplayh5	box-3D	180
csplayh6	box-3D	180
csplayh7	box-3D	180
csprint	box-3D	160
cstlevna	box-3D	158
csuperas	box-3D	162
cterrani	box-3D	162
ctomaday	box-3D	142
ctornado	box-3D	162
ctower	box-3D	162
ctribe	box-3D	169
cubeqst	box-3D	49
cubybop	box-3D	157
cuebrick	box-3D	158
cultname	box-3D	75
cultures	box-3D	75
cuoreuno	box-3D	75
cupfinal	box-3D	157
cupsoc	box-3D	190
curvebal	box-3D	209
cutefght	box-3D	187
cutieq	box-3D	155
cvs2	box-3D	227
cvsgd	box-3D	227
cworld	box-3D	151
cworld2j	box-3D	6
cybattlr	box-3D	159
cyberbal	box-3D	160
cyberlip	box-3D	142
cybertnk	box-3D	75
cybots	box-3D	7
cybrcomm	box-3D	156
cybrcycc	box-3D	156
cybsled	box-3D	155
cybstorm	box-3D	160
cyclemb	box-3D	157
cyclshtg	box-3D	157
cyclwarr	box-3D	75
cyvern	box-3D	174
czeroize	box-3D	162
d9final	box-3D	75
dacholer	box-3D	180
dai2kaku	box-3D	75
dai3wksi	box-3D	75
daikaiju	box-3D	157
daimyojn	box-3D	173
daioh	box-3D	149
daireika	box-3D	159
daiskiss	box-3D	158
daisyari	mixrbv2	173
daitorid	box-3D	189
daiyogen	box-3D	175
dakkochn	box-3D	147
dambustr	box-3D	75
danceyes	box-3D	155
danchih	box-3D	69
danchiq	box-3D	69
dangar	box-3D	180
dangcurv	box-3D	157
dangerex	box-3D	160
dangerz	box-3D	192
dangseed	box-3D	155
dankuga	box-3D	157
daraku	box-3D	167
darius	box-3D	157
darius2	box-3D	157
dariusg	box-3D	157
dariusgx	box-3D	157
darkedge	box-3D	147
darkhleg	box-3D	158
darkmist	box-3D	157
darkplnt	box-3D	158
darkseal	box-3D	162
darktowr	box-3D	157
darkwar	box-3D	179
darwin	box-3D	162
dayto2pe	box-3D	55
daytona	box-3D	54
daytona2	box-3D	55
dazzler	box-3D	179
dblaxle	box-3D	157
dblchal	box-3D	178
dblcrown	box-3D	75
dbldynj	box-3D	190
dblewing	box-3D	189
dblplay	box-3D	75
dblpoint	box-3D	75
dbreed	box-3D	148
dbz	box-3D	186
dbz2	box-3D	186
dbzvrvs	box-3D	147
dcclub	box-3D	147
dcheese	box-3D	75
dcon	box-3D	75
dcrown	box-3D	149
dday	box-3D	75
ddayjlc	box-3D	159
ddboy	mixrbv2	75
ddcrew	box-3D	147
ddealer	box-3D	163
ddenlovj	box-3D	173
ddonpach	box-3D	47
ddp2	box-3D	47
ddp3	box-3D	47
ddpdfk	box-3D	47
ddpdojt	box-3D	176
ddr2m	box-3D	158
ddr3mk	box-3D	158
ddr3mp	mixrbv2	158
ddr4m	mixrbv2	158
ddr4mp	box-3D	158
ddr4mps	box-3D	158
ddr4ms	box-3D	158
ddr5m	box-3D	158
ddragon	box-3D	169
ddragon2	box-3D	169
ddragon3	box-3D	169
ddrextrm	mixrbv2	158
ddribble	box-3D	158
ddrkara	box-3D	158
ddrkids	mixrbv2	158
ddrmax	mixrbv2	158
ddrmax2	mixrbv2	158
ddrs2k	mixrbv2	158
ddrsbm	box-3D	158
ddrusa	box-3D	158
ddsom	box-3D	7
ddtod	box-3D	7
ddungeon	box-3D	157
ddux	box-3D	147
deadang	box-3D	190
deadconx	box-3D	157
deadeye	box-3D	158
dealer	box-3D	75
deathcox	box-3D	56
deathsml	box-3D	47
decathlt	box-3D	69
deerhunt	box-3D	164
defender	box-3D	150
deluxe5	box-3D	75
demndrgn	box-3D	150
demoderb	box-3D	150
demofist	box-3D	53
demon	box-3D	192
demoneye	box-3D	148
demonwld	box-3D	191
dendego	box-3D	157
dendego2	box-3D	157
denjinmk	box-3D	190
denseib	box-3D	75
depthch	box-3D	147
derbyo2k	box-3D	56
derbyoc	box-3D	56
derbyoc2	box-3D	56
derbyocw	box-3D	56
deroon	box-3D	153
desert	box-3D	54
desertbr	box-3D	147
desertdn	box-3D	157
desertgu	box-3D	150
desertwr	box-3D	159
destroyr	box-3D	75
deucesw2	box-3D	75
devilfsh	box-3D	179
devilw	box-3D	158
devstors	box-3D	158
devzone	box-3D	188
dfeverg	box-3D	69
dfjail	box-3D	75
dfkbl	box-3D	47
dfruit	box-3D	75
dharma	box-3D	189
diamrun	box-3D	151
dicegame	box-3D	75
diehard	box-3D	69
dietgo	box-3D	162
digdug	box-3D	155
digdug2	box-3D	155
digger	box-3D	147
diggerc	box-3D	179
diggerma	box-3D	142
dimahoo	box-3D	7
dingo	box-3D	158
dino	box-3D	6
dinorex	box-3D	157
dirtdash	box-3D	156
dirtdvls	box-3D	55
dirtfoxj	box-3D	155
dirtypig	box-3D	53
disco	box-3D	162
discoboy	box-3D	75
divebomb	box-3D	158
diverboy	box-3D	75
djboy	box-3D	147
dkong	box-3D	161
dkong3	box-3D	161
dkongjr	box-3D	161
dlair	box-3D	49
dleague	box-3D	157
dmdfever	mixrbv2	75
dmnfrnt	box-3D	176
dmx2m	box-3D	158
dmx2majp	box-3D	158
dncfrks	box-3D	158
doa	box-3D	54
doa2m	box-3D	56
doapp	box-3D	153
docastle	box-3D	188
dockman	box-3D	157
dodgem	box-3D	75
dodgeman	box-3D	75
dodghero	box-3D	75
dogfgt	box-3D	169
dogfight	box-3D	75
dogpatch	box-3D	150
dogyuun	box-3D	191
dokaben	box-3D	151
dokaben2	box-3D	151
dokidoki	box-3D	147
dokyusei	box-3D	189
dokyusp	box-3D	189
dolmen	box-3D	163
dolphin	box-3D	53
domino	box-3D	150
dominob	box-3D	75
dominos	box-3D	160
dommy	box-3D	169
doncdoon	box-3D	149
dondenmj	box-3D	173
dondokod	box-3D	157
donpachi	box-3D	47
dorachan	box-3D	182
dorodon	box-3D	75
dorunrun	box-3D	188
dotrikun	box-3D	147
dotron	box-3D	150
doubledr	box-3D	142
dowild	box-3D	188
downtown	box-3D	149
dphl	box-3D	75
dplay	box-3D	150
dpoker	box-3D	150
dquizgo	mixrbv2	187
dquizgo2	mixrbv2	187
draco	box-3D	75
dragnblz	box-3D	167
dragngun	box-3D	162
dragntr	box-3D	227
dragntr2	box-3D	227
dragntr3	box-3D	227
dragonsh	box-3D	142
dragoona	box-3D	158
dragrace	box-3D	160
drakton	box-3D	161
draw88pkr	box-3D	75
dreambal	box-3D	162
dreamwld	box-3D	187
dremshpr	box-3D	155
drgnbowl	box-3D	153
drgnbstr	box-3D	155
drgneye	box-3D	75
drgnmst	box-3D	75
drgnunit	box-3D	149
drgnwrld	box-3D	176
drgpunch	box-3D	173
drgw2	box-3D	176
drgw3	box-3D	176
dribling	box-3D	75
drifto94	box-3D	181
driftout	box-3D	181
drivedge	box-3D	193
driveyes	box-3D	155
drivfrcp	box-3D	155
drmario	box-3D	161
drmicro	box-3D	75
drtomy	box-3D	75
drtoppel	box-3D	157
dsaber	box-3D	155
dsem	box-3D	158
dsem2	box-3D	158
dsfdct	mixrbv2	158
dsfdr	box-3D	158
dsftkd	box-3D	158
dsmbl	box-3D	47
dsoccr94	box-3D	148
dspirit	box-3D	155
dstage	box-3D	158
dstlk	box-3D	7
dtfamily	box-3D	187
dtoyoken	box-3D	173
duckhunt	box-3D	161
dunhuang	box-3D	75
dunkmnia	box-3D	155
dunkshot	box-3D	147
dvisland	box-3D	178
dw2001	box-3D	176
dwarfd	box-3D	75
dwex	box-3D	176
dwpc	mixrbv2	176
dybb99	box-3D	56
dybbnao	box-3D	56
dyger	box-3D	151
dygolf	box-3D	227
dynabb	box-3D	54
dynabb97	box-3D	54
dynablst	box-3D	148
dynabomb	box-3D	75
dynadice	box-3D	75
dynagear	box-3D	164
dynamcop	box-3D	54
dynamski	box-3D	157
dynashot	box-3D	159
dynduke	box-3D	190
dynwar	box-3D	6
eaglshot	box-3D	164
earthjkr	box-3D	181
ebases	box-3D	150
eca	box-3D	55
ecofghtr	box-3D	7
edf	box-3D	159
edrandy	box-3D	162
eeekk	box-3D	155
efdt	mixrbv2	75
egghunt	box-3D	75
eggor	box-3D	155
eggsplc	box-3D	75
eggventr	box-3D	75
ehrgeiz	box-3D	155
eightfrc	box-3D	153
eightman	box-3D	142
einning	box-3D	150
ejanhs	box-3D	190
ejihon	box-3D	69
ejsakura	box-3D	190
elandore	box-3D	69
elecyoyo	box-3D	157
elephfam	box-3D	75
elevator	box-3D	157
elfin	box-3D	75
elgrande	box-3D	75
elim2	box-3D	147
elvactr	box-3D	157
embargo	box-3D	192
emeralda	box-3D	155
empcity	box-3D	190
endless	box-3D	75
endrichs	box-3D	75
enduror	box-3D	147
enforce	box-3D	157
enigma2	box-3D	75
enmadaio	box-3D	157
eprom	box-3D	160
equites	box-3D	182
ertictac	box-3D	75
esb	box-3D	160
esckids	box-3D	158
esh	box-3D	49
espgal	box-3D	47
espgal2	box-3D	47
espial	box-3D	75
esprade	box-3D	47
eswat	box-3D	147
eto	box-3D	181
euroch92	box-3D	157
evilngt	box-3D	158
evilston	box-3D	157
evosocc	box-3D	176
excelsr	box-3D	75
excitebk	box-3D	161
exctleag	box-3D	147
exctscc2	box-3D	182
exctsccr	box-3D	182
exedexes	box-3D	151
exerion	box-3D	159
expcard	box-3D	75
explbrkr	box-3D	174
exprraid	box-3D	162
extdwnhl	box-3D	164
exterm	box-3D	209
extrmatn	box-3D	157
exvania	box-3D	155
exzisus	box-3D	157
eyes	box-3D	155
f15se	box-3D	75
f1dream	box-3D	151
f1en	box-3D	147
f1gp	box-3D	175
f1gp2	box-3D	175
f1gpstar	box-3D	159
f1gpstr2	box-3D	159
f1lap	box-3D	147
f1superb	box-3D	159
f355	box-3D	56
f355twn2	box-3D	56
faceoff	box-3D	155
failgate	box-3D	75
famibox	box-3D	161
fantasia	box-3D	177
fantastc	box-3D	157
fantasyu	box-3D	154
fantjour	box-3D	158
fantland	box-3D	75
fantsia2	box-3D	177
fantstry	box-3D	75
fantzn2	box-3D	147
fantzn2x	box-3D	147
fantzone	box-3D	147
fashiong	box-3D	75
fastdraw	mixrbv2	170
fastlane	box-3D	158
fatfursp	box-3D	142
fatfurwa	box-3D	154
fatfury1	box-3D	142
fatfury2	box-3D	142
fatfury3	box-3D	142
fax	box-3D	165
fb2010	box-3D	178
fb2gen	box-3D	178
fb2nd	box-3D	178
fb3g	box-3D	178
fb4	box-3D	178
fb5	box-3D	178
fb6	box-3D	178
fb6se	box-3D	178
fbait2bc	box-3D	158
fbaitbc	box-3D	158
fbaitmc	box-3D	158
fball	mixrbv2	75
fbdeluxe	box-3D	178
fbfrenzy	box-3D	142
fcnudge	box-3D	178
fcombat	box-3D	159
feversoc	box-3D	190
feversos	box-3D	47
ffight	box-3D	6
ffight2b	box-3D	75
ffreveng	box-3D	69
fghtatck	box-3D	155
fghtbskt	box-3D	148
fghthist	box-3D	162
fghtmn	box-3D	158
fgoal	box-3D	157
fgtlayer	box-3D	155
fhawk	box-3D	157
fhboxers	box-3D	69
fieldday	box-3D	157
fightfev	box-3D	142
fightrol	box-3D	174
filetto	box-3D	75
finalap2	box-3D	155
finalap3	box-3D	155
finalapr	box-3D	155
finalb	box-3D	157
finalgdr	box-3D	187
finalizr	box-3D	158
finallap	box-3D	155
finalttr	box-3D	187
findlove	box-3D	69
findout	box-3D	75
finehour	box-3D	155
firebatl	box-3D	157
firebeas	box-3D	160
firefox	box-3D	49
fireone	box-3D	165
fireshrk	box-3D	191
firetrap	box-3D	162
firetrk	box-3D	160
fishfren	box-3D	160
fishingm	box-3D	75
fitegolf	box-3D	154
fitfight	box-3D	75
fiveside	box-3D	158
fixeight	box-3D	191
fl7_3121	box-3D	178
flagrall	box-3D	75
flamegun	box-3D	75
flashgal	box-3D	147
flicky	box-3D	147
flipjack	box-3D	75
flipmaze	box-3D	299
flipshot	box-3D	142
flower	box-3D	147
flstory	box-3D	157
flyball	box-3D	160
flyboy	box-3D	174
flytiger	box-3D	75
fmaniac2p	mixrbv2	75
fncywld	box-3D	187
fnkyfish	box-3D	160
foodf	box-3D	160
footchmp	box-3D	157
forgottn	box-3D	6
formatz	box-3D	159
fort2b	box-3D	75
fortecrd	box-3D	75
fortune1	box-3D	75
fotns	box-3D	53
fourplay	mixrbv2	75
fourtrax	box-3D	155
fpoint	box-3D	147
franticf	box-3D	75
freekick	box-3D	147
freeze	box-3D	192
freezeat	box-3D	160
frenzy	box-3D	75
fresh	box-3D	75
friskyt	box-3D	180
frogger	box-3D	158
frogs	box-3D	147
froman2b	box-3D	142
fromanc4	box-3D	75
fromance	box-3D	175
fromancr	box-3D	75
frontlin	box-3D	157
fround	box-3D	158
fruitpc	box-3D	75
fshark	box-3D	157
fsoccer	box-3D	154
fspiderb	box-3D	157
fstarfrc	box-3D	153
fstation	box-3D	75
ftimpcta	box-3D	157
fts2in1	box-3D	75
ftspeed	box-3D	53
funcube	box-3D	155
funcube2	box-3D	155
funcube3	box-3D	155
funcube4	box-3D	155
funcube5	box-3D	155
funkybee	box-3D	75
funkyfig	box-3D	157
funkyjet	box-3D	162
funquiz	box-3D	75
funriver	box-3D	178
funybubl	box-3D	177
funystrp	box-3D	194
futari15	box-3D	47
futaribl	box-3D	47
futflash	box-3D	75
futspy	box-3D	147
fuudol	box-3D	180
fvipers	box-3D	54
fvipers2	box-3D	55
fvrpitch	box-3D	75
g13knd	box-3D	152
ga2	box-3D	147
gahaha	mixrbv2	155
gahaha2	mixrbv2	155
gaia	box-3D	185
gaialast	box-3D	187
gaiapols	box-3D	158
gakupara	box-3D	163
gakusai	box-3D	189
gakusai2	box-3D	189
gal10ren	box-3D	180
galactic	box-3D	157
galaga	box-3D	155
galaga88	box-3D	155
galastrm	box-3D	157
galaxi	box-3D	75
galaxia	box-3D	75
galaxian	box-3D	155
galaxyfg	box-3D	142
galaxygn	box-3D	75
galaxyr	box-3D	49
galeone	box-3D	75
galgame	box-3D	75
galgame2	box-3D	155
galgame3	box-3D	160
galgame4	box-3D	160
galivan	box-3D	180
galkaika	box-3D	180
galkoku	box-3D	180
gallag50	box-3D	75
gallgall	box-3D	170
galmedes	box-3D	181
galpani2	box-3D	174
galpani3	box-3D	174
galpani4	box-3D	174
galpanis	box-3D	174
galpans2	box-3D	174
galpans3	box-3D	174
galsnew	box-3D	174
galspnbl	box-3D	177
galxwars	box-3D	188
gambl186	box-3D	75
gametngk	box-3D	159
gamshara	box-3D	189
ganbare	box-3D	6
gangwars	box-3D	182
ganjaja	box-3D	159
ganryu	box-3D	142
gaplus	box-3D	155
gardia	box-3D	147
garogun	mixrbv2	75
garou	box-3D	142
garyoret	box-3D	162
gaunt2	box-3D	160
gauntdl	box-3D	150
gauntleg	box-3D	160
gauntlet	box-3D	160
gaxeduel	box-3D	69
gbbchmp	box-3D	158
gberet	box-3D	158
gbusters	box-3D	158
gchgchmp	box-3D	158
gcpinbal	box-3D	75
gdarius2	box-3D	157
gdfs	box-3D	186
geebee	box-3D	155
gegege	box-3D	164
geimulti	box-3D	75
gekiretu	box-3D	163
gekiridn	box-3D	157
gekisha	box-3D	173
gekisou	box-3D	147
gemcrush	box-3D	75
gemini	box-3D	153
genie	box-3D	75
genius6	box-3D	176
genix	box-3D	75
genpeitd	box-3D	155
getaway	box-3D	188
getrich	box-3D	178
gfire2	box-3D	75
gforce2	box-3D	147
ggconnie	box-3D	152
gghost	box-3D	150
ggisuka	box-3D	53
ggoemon	mixrbv2	158
ggram2	box-3D	56
gground	box-3D	147
ggx	box-3D	56
ggx15	box-3D	53
ggxx	box-3D	227
ggxxac	box-3D	227
ggxxrl	box-3D	227
ggxxsla	box-3D	227
ghlpanic	box-3D	152
ghoshunt	box-3D	75
ghostb	box-3D	162
ghostlop	box-3D	142
ghostsqu	box-3D	147
ghouls	box-3D	6
ghox	box-3D	191
gigandes	box-3D	157
gigas	box-3D	147
gigasm2	box-3D	147
gigawing	box-3D	7
gijoe	box-3D	158
gimeabrk	box-3D	150
ginganin	box-3D	159
ginkun	box-3D	153
girotutt	box-3D	75
gladiatr	box-3D	157
glass	box-3D	194
gldarrow	box-3D	75
gldnpkr	box-3D	75
glfgreat	box-3D	158
gloc	box-3D	147
glpracr	box-3D	153
glpracr2	box-3D	153
glpracr3	box-3D	153
gluck2	box-3D	75
gmgalax	box-3D	158
gmissile	box-3D	150
gnbarich	box-3D	167
gng	box-3D	151
go2000	box-3D	75
goalx3	box-3D	142
gobyrc	box-3D	299
gocowboy	box-3D	164
godzilla	box-3D	186
gogomile	box-3D	75
goindol	box-3D	75
goldbug	box-3D	179
goldmedl	box-3D	154
goldnaxe	box-3D	147
goldnpkr	box-3D	75
goldstar	box-3D	176
golgo13	box-3D	152
gollygho	box-3D	155
gomoku	box-3D	180
gondo	box-3D	162
good	box-3D	75
goodejan	box-3D	190
goonies	box-3D	158
goori	box-3D	75
gorf	box-3D	150
gorodki	box-3D	75
gostop	box-3D	181
gotcha	box-3D	75
gowcaizr	box-3D	142
gp2quiz	box-3D	174
gp2se	box-3D	174
gp98	box-3D	176
gpgolf	box-3D	193
gpilots	box-3D	142
gprider	box-3D	147
gpworld	box-3D	49
gradius3	box-3D	158
gradius4	box-3D	158
grainbow	box-3D	186
gram2000	box-3D	56
grasspin	box-3D	150
gratia	box-3D	159
gravitar	box-3D	160
grchamp	box-3D	157
grdforce	box-3D	69
grdian	box-3D	157
grdians	box-3D	75
grdnstrm	box-3D	163
greatgun	box-3D	75
greenber	box-3D	148
gridiron	box-3D	75
gridlee	box-3D	75
grindstm	box-3D	191
grmatch	box-3D	193
grndtour	box-3D	176
grobda	box-3D	155
groovef	box-3D	69
groundfx	box-3D	157
growl	box-3D	157
grudge	box-3D	150
gseeker	box-3D	157
gslgr94u	box-3D	155
gslugrsj	box-3D	155
gstream	box-3D	75
gstrik2	box-3D	189
gstriker	box-3D	75
gsword	box-3D	157
gt2k	box-3D	193
gt3d	box-3D	193
gt97	box-3D	193
gt98	box-3D	193
gt99	box-3D	193
gtclassc	box-3D	193
gtfore01	box-3D	193
gtfore02	box-3D	193
gtfore03	box-3D	193
gtfore04	box-3D	193
gtfore05	box-3D	193
gtfore06	box-3D	193
gtfrk10m	box-3D	158
gtfrk11m	box-3D	158
gtg	box-3D	193
gtg2	box-3D	193
gticlub	box-3D	158
gtipoker	box-3D	75
gtipokra	box-3D	75
gtmr	box-3D	174
gtmr2	box-3D	174
gtrfrk2m	box-3D	158
gtrfrk3m	box-3D	158
gtrfrk4m	box-3D	158
gtrfrk5m	box-3D	158
gtrfrk6m	box-3D	158
gtrfrk7m	box-3D	158
gtrfrk8m	box-3D	158
gtrfrk9m	box-3D	158
gtrfrks	box-3D	158
gtroppo	box-3D	75
guardian	box-3D	160
gulfstrm	box-3D	75
gulfwar2	box-3D	177
gulunpa	box-3D	6
gumbo	box-3D	75
gunbird	box-3D	167
gunbird2	box-3D	167
gunblade	box-3D	54
gunbustr	box-3D	157
gunchamp	box-3D	157
gundamex	box-3D	186
gundamos	box-3D	186
gundealr	box-3D	153
gundhara	box-3D	186
gundl94	box-3D	75
gundmct	box-3D	56
gundmgd	box-3D	227
gundmxgd	box-3D	227
gunfight	box-3D	150
gunforc2	box-3D	148
gunforce	box-3D	148
gunfront	box-3D	157
gunlock	box-3D	157
gunmania	box-3D	158
gunmast	box-3D	189
gunnail	box-3D	163
gunpey	box-3D	186
gunsmoke	box-3D	151
gunsur2	box-3D	56
gururin	box-3D	142
guts	box-3D	160
gutsn	box-3D	174
guwange	box-3D	47
guzzler	box-3D	75
gwar	box-3D	154
gwarrior	box-3D	158
gwing2	box-3D	56
gypsyjug	box-3D	75
gyrodine	box-3D	157
gyruss	box-3D	158
hachamf	box-3D	163
hachoo	box-3D	159
haekaka	box-3D	164
hal21	box-3D	154
halleysc	box-3D	157
hamaway	box-3D	147
hamboy	box-3D	75
hammer	box-3D	75
hanaawas	box-3D	149
hanagumi	box-3D	69
hanakanz	box-3D	173
hanamai	box-3D	173
hanamomo	box-3D	180
hanaoji	box-3D	180
hanaroku	box-3D	75
hanayara	box-3D	173
hangon	box-3D	147
hangonjr	box-3D	147
hangplt	box-3D	158
hangzo	box-3D	162
happy6	box-3D	176
hapytour	mixrbv2	75
harddriv	box-3D	160
harddunk	box-3D	147
hardhat	box-3D	165
hardhea2	box-3D	75
hardhead	box-3D	75
hardyard	box-3D	193
harem	box-3D	179
harley	box-3D	55
hasamu	box-3D	148
hatena	box-3D	151
hatris	box-3D	175
hattrick	box-3D	150
hayaosi1	box-3D	159
hayaosi3	box-3D	159
hbarrel	box-3D	162
hcastle	box-3D	158
hcrash	box-3D	158
hdrivair	box-3D	160
headon	box-3D	147
headon2	box-3D	147
headonch	box-3D	75
headoni	box-3D	148
heartatk	box-3D	179
heatbrl	box-3D	75
heberpop	box-3D	75
hedpanic	box-3D	75
heiankyo	box-3D	147
helifire	box-3D	161
hellfire	box-3D	157
hermit	box-3D	75
hero	box-3D	179
heuksun	box-3D	75
hexa	box-3D	157
hexion	box-3D	158
hginga	box-3D	173
hgkairak	box-3D	167
hgokou	box-3D	173
hharry	box-3D	148
hidctch2	box-3D	75
hidctch3	box-3D	75
hidnc2k	box-3D	75
hidnctch	box-3D	75
higemaru	box-3D	151
highroll	box-3D	75
highsplt	box-3D	161
hiimpact	box-3D	150
himesiki	mixrbv2	75
hipai	box-3D	149
hipai2	box-3D	75
hippodrm	box-3D	162
histryma	box-3D	75
hitice	box-3D	157
hitme	box-3D	75
hitnmiss	box-3D	165
hjingi	box-3D	173
hkagerou	box-3D	173
hldspin1	box-3D	178
hldspin2	box-3D	178
hmgeo	box-3D	56
hnageman	box-3D	180
hnayayoi	box-3D	173
hnxmasev	box-3D	180
hoccer	box-3D	147
hogalley	box-3D	161
holeland	box-3D	75
holo	box-3D	147
honeydol	box-3D	187
hook	box-3D	148
hoops96	box-3D	162
hopmappy	box-3D	155
hopprobo	box-3D	147
horekid	box-3D	180
horizon	box-3D	148
horshoes	box-3D	157
hotblock	box-3D	75
hotbody	mixrbv2	75
hotchase	box-3D	158
hotd	box-3D	54
hotd2	box-3D	56
hotd3	box-3D	147
hotdebut	box-3D	167
hotdogst	box-3D	75
hotgm4ev	box-3D	167
hotgmck	box-3D	167
hotgmck3	box-3D	167
hotgmcki	box-3D	167
hotmind	box-3D	75
hotpinbl	box-3D	177
hotrod	box-3D	147
hotshock	box-3D	179
hotsmash	box-3D	157
hourouki	box-3D	189
housemn2	box-3D	180
housemnq	box-3D	180
hparadis	box-3D	173
hrdtimes	box-3D	75
hsf2	box-3D	7
hstennis	box-3D	193
htchctch	box-3D	187
htengoku	box-3D	173
hunchbak	box-3D	179
huncholy	box-3D	179
hustle	box-3D	75
hustler	box-3D	158
hvnsgate	box-3D	185
hvoltage	box-3D	182
hvymetal	box-3D	147
hvysmsh	box-3D	162
hvyunit	box-3D	157
hwchamp	box-3D	147
hwrace	box-3D	157
hydra	box-3D	160
hyhoo	box-3D	180
hyhoo2	box-3D	180
hypbbc2p	box-3D	158
hyperath	box-3D	158
hyperpac	box-3D	187
hyperspt	box-3D	158
hyprdriv	box-3D	150
hyprduel	box-3D	75
hypreac2	box-3D	164
hypreact	box-3D	164
ibara	box-3D	47
ibarablk	box-3D	47
iceclimb	box-3D	161
iceclmrd	box-3D	161
ichir	box-3D	147
idhimitu	box-3D	180
idolmj	box-3D	175
idsoccer	box-3D	188
iemoto	box-3D	180
igmo	box-3D	75
igs_ncs	box-3D	176
ikari	box-3D	154
ikari3	box-3D	154
ikaruga	box-3D	227
ikki	box-3D	75
illvelo	box-3D	56
ilpag	box-3D	75
imago	box-3D	174
imekura	box-3D	180
imgfight	box-3D	148
imolagp	mixrbv2	75
imsorry	box-3D	147
inca	box-3D	173
indianbt	box-3D	157
indy500	box-3D	54
indyheat	box-3D	75
indytemp	box-3D	160
inferno	box-3D	150
inidv3cy	box-3D	230
initd	box-3D	230
initdv2j	box-3D	230
insector	box-3D	209
insectx	box-3D	157
intcup94	box-3D	157
inthunt	box-3D	148
intrepid	box-3D	157
intrgirl	box-3D	173
intrgmes	box-3D	75
introdon	box-3D	69
inufuku	box-3D	175
inunoos	box-3D	56
invad2ct	box-3D	150
invaders	box-3D	157
invadpt2	box-3D	157
invasnab	box-3D	150
invcarht	box-3D	147
invds	box-3D	147
invho2	box-3D	147
invinco	box-3D	147
invmulti	box-3D	157
invqix	box-3D	157
invrvnge	box-3D	157
inyourfa	box-3D	159
ipminvad	box-3D	148
ippatsu	box-3D	173
ippo2	box-3D	157
iqblock	box-3D	176
irobot	box-3D	160
iron	box-3D	75
ironclad	box-3D	142
ironfort	box-3D	75
ironhors	box-3D	158
irrmaze	box-3D	142
istellar	box-3D	49
istreb	box-3D	75
itaten	box-3D	180
itazuram	box-3D	164
ixion	box-3D	147
jack	box-3D	192
jackal	box-3D	158
jackie	box-3D	176
jackpool	box-3D	75
jackrabt	box-3D	75
jailbrek	box-3D	158
jajamaru	box-3D	159
jambo	box-3D	56
janbari	box-3D	180
jangou	box-3D	180
jangtaku	box-3D	173
janjans1	box-3D	181
janjans2	box-3D	181
jankenmn	box-3D	75
janoh	box-3D	191
janptr96	box-3D	173
janptrsp	box-3D	173
janputer	box-3D	173
janshi	box-3D	75
janshin	box-3D	142
janshinp	box-3D	173
jansou	box-3D	173
jantotsu	box-3D	75
jantouki	box-3D	173
janyuki	box-3D	173
jchan	box-3D	174
jchan2	box-3D	174
jclub2v112	box-3D	149
jcross	box-3D	154
jdredd	box-3D	166
jdreddp	box-3D	150
jedi	box-3D	160
jetwave	box-3D	158
jingystm	box-3D	227
jitsupro	box-3D	159
jituroku	box-3D	180
jjack	box-3D	188
jjparad2	box-3D	174
jjparads	box-3D	174
jjpoker	box-3D	75
jjsquawk	box-3D	149
jmpbreak	box-3D	187
jngolady	box-3D	180
jockeyc	box-3D	149
jockeygp	box-3D	142
joemacr	box-3D	162
jogakuen	box-3D	189
joinem	box-3D	192
jojo	box-3D	8
jojoba	box-3D	8
jokercrd	box-3D	75
jollycrd	box-3D	75
jollyjgr	box-3D	157
jolyjokr	box-3D	75
jongbou	box-3D	154
jongbou2	box-3D	154
jongkyo	box-3D	75
jongpute	box-3D	182
jongshin	box-3D	75
jongtei	box-3D	173
josvolly	box-3D	157
journey	box-3D	150
joust	box-3D	150
joust2	box-3D	150
joyfulr	box-3D	154
joyjoy	box-3D	142
joystand	box-3D	75
jpark	box-3D	147
jpark3	box-3D	158
jpopnics	box-3D	157
jppyex98	box-3D	158
jrpacman	box-3D	150
jsk	box-3D	181
jumpbug	box-3D	158
jumpcoas	box-3D	174
jumpjump	box-3D	75
jumpkids	box-3D	177
jumpkun	box-3D	174
jumppop	box-3D	157
jumpshot	box-3D	150
junai	box-3D	180
junai2	box-3D	180
junglek	box-3D	157
jungler	box-3D	158
junofrst	box-3D	158
jyangoku	box-3D	7
jzth	box-3D	75
kabukikl	box-3D	142
kabukiz	box-3D	157
kageki	box-3D	157
kaguya	box-3D	180
kaguya2	box-3D	180
kaiserkn	box-3D	157
kaitei	box-3D	155
kaiunqz	box-3D	155
kakumei	box-3D	159
kakumei2	box-3D	159
kamenrid	box-3D	186
kamikaze	box-3D	158
kamikcab	box-3D	162
kanatuen	box-3D	180
kangaroo	box-3D	160
kaos	box-3D	75
karatblz	box-3D	175
karatour	box-3D	189
karianx	box-3D	75
karnov	box-3D	162
karnovr	box-3D	142
karous	box-3D	227
kattobas	mixrbv2	158
kazan	box-3D	159
kbadlands	box-3D	49
kbash	box-3D	160
kbash2	box-3D	191
kbm	mixrbv2	158
kbm2nd	box-3D	158
kbm3rd	box-3D	158
kchamp	box-3D	162
kdynastg	box-3D	75
keirinou	box-3D	75
keith	box-3D	155
keithlcy	box-3D	181
kenseim	box-3D	151
keroppi	box-3D	164
ket	box-3D	47
keyboard	box-3D	227
kick	box-3D	150
kick4csh	box-3D	56
kickball	box-3D	175
kickboy	box-3D	180
kicker	box-3D	158
kickgoal	box-3D	75
kicknkick	box-3D	158
kicknrun	box-3D	157
kickoff	box-3D	159
kickridr	box-3D	188
kidniki	box-3D	148
kikcubic	box-3D	148
kikikai	box-3D	157
kikstart	box-3D	157
killbld	box-3D	176
killbldp	box-3D	176
killcom	box-3D	75
kingball	box-3D	155
kingdmgp	box-3D	152
kingdrby	box-3D	75
kingofb	box-3D	162
kingpin	box-3D	151
kingrt66	box-3D	230
kinst	box-3D	150
kinst2	box-3D	75
kinstb	box-3D	75
kirameki	box-3D	157
kirarast	box-3D	159
kisekaeh	box-3D	75
kisekaem	box-3D	75
kittenk	box-3D	158
kiwame	box-3D	149
kiwames	box-3D	69
kizuna	box-3D	142
kkotnoli	mixrbv2	75
klax	box-3D	160
klondkp	box-3D	75
knckhead	box-3D	155
kncljoe	box-3D	157
kngtmare	box-3D	209
knights	box-3D	6
kod	box-3D	6
kof2000	box-3D	142
kof2001	box-3D	142
kof2002	box-3D	142
kof2003	box-3D	142
kof94	box-3D	142
kof95	box-3D	142
kof96	box-3D	142
kof97	box-3D	142
kof98	box-3D	142
kof98umh	box-3D	176
kof99	box-3D	142
kofnw	box-3D	53
kofxi	box-3D	53
koikoi	box-3D	75
koikois	box-3D	181
koikois2	box-3D	181
koinomp	box-3D	180
kok	box-3D	75
kokoroj	box-3D	147
kokoroj2	mixrbv2	147
kollon	box-3D	299
konam80s	box-3D	158
konamigt	box-3D	158
konek	box-3D	75
kong	box-3D	157
konhaji	box-3D	180
korinai	box-3D	180
korokoro	box-3D	75
koroleva	box-3D	75
koropens	mixrbv2	158
koshien	box-3D	157
kot	box-3D	75
kotbinsp	box-3D	173
kothello	box-3D	75
kotm	box-3D	142
kotm2	box-3D	142
kouyakyu	box-3D	182
kov	box-3D	176
kov2	box-3D	176
kov2nl	box-3D	176
kov2p	box-3D	176
kov3	box-3D	176
kov7sprt	box-3D	53
kovplus	box-3D	176
kovsh	box-3D	176
kovshp	box-3D	176
kovytzy	box-3D	176
kozure	box-3D	180
kram	box-3D	157
kroozr	box-3D	150
krull	box-3D	209
krzybowl	box-3D	164
ksayakyu	box-3D	157
kungfu	box-3D	176
kungfum	box-3D	148
kungfut	box-3D	190
kurikint	box-3D	157
kurucham	box-3D	227
kurufev	box-3D	149
kurukuru	box-3D	75
kyros	box-3D	182
kyukaidk	box-3D	155
kyustrkr	box-3D	157
kzaurus	mixrbv2	158
lacrazyc	box-3D	158
ladybug	box-3D	188
ladyfrog	box-3D	75
ladygum	mixrbv2	75
ladykill	box-3D	189
ladymstr	box-3D	157
lagunar	box-3D	150
lamachin	box-3D	55
landbrk	box-3D	75
landgear	box-3D	157
landhigh	box-3D	157
landmakr	box-3D	157
laserbat	box-3D	150
lasso	box-3D	154
lastapos	box-3D	189
lastbank	box-3D	75
lastbh	box-3D	170
lastblad	box-3D	142
lastbld2	box-3D	142
lastbrnx	box-3D	54
lastday	box-3D	75
lastduel	box-3D	151
lastfort	box-3D	189
lastfour	box-3D	75
lasthope	box-3D	142
lastkm	box-3D	194
lastmisn	box-3D	162
lastsurv	box-3D	147
lazercmd	box-3D	75
lbeach	box-3D	75
lbgrande	box-3D	155
lbowling	box-3D	142
ldrun	box-3D	148
ldrun2	box-3D	148
ldrun3	box-3D	148
ldrun4	box-3D	148
le2	box-3D	158
leader	box-3D	75
leds2011	box-3D	151
legend	box-3D	147
legendoh	box-3D	75
legendos	box-3D	142
legendsb	box-3D	75
legion	box-3D	180
legionna	box-3D	75
lemans24	box-3D	55
lemmings	box-3D	162
lemnangl	box-3D	189
lependu	mixrbv2	75
leprechn	box-3D	75
lespendu	mixrbv2	75
lethalen	box-3D	158
lethalj	box-3D	75
lethalth	box-3D	148
letsdnce	mixrbv2	75
levers	box-3D	158
lghost	box-3D	147
lgp	box-3D	157
lgtnfght	box-3D	158
lhb	box-3D	176
lhb2	box-3D	176
lhzb2	box-3D	176
liberate	box-3D	162
liberatr	box-3D	160
liblrabl	box-3D	155
lightbr	box-3D	157
linkypip	box-3D	75
liquidk	box-3D	157
littlerb	box-3D	75
livegal	box-3D	180
livequiz	mixrbv2	75
lizwiz	box-3D	155
lkage	box-3D	157
llander	box-3D	160
lnc	box-3D	162
lockload	box-3D	162
lockon	box-3D	75
lockonph	box-3D	147
locomotn	box-3D	158
loderndf	box-3D	167
loffire	box-3D	147
logger	box-3D	179
logicpr2	box-3D	75
loht	box-3D	148
lomakai	box-3D	159
looping	box-3D	75
lordgun	box-3D	176
losttomb	box-3D	155
lostwsga	box-3D	55
lotlot	box-3D	148
lottof2	box-3D	75
lottofun	box-3D	150
loverboy	box-3D	192
lpadv	box-3D	151
lrescue	box-3D	157
lresort	box-3D	142
lsasquad	box-3D	157
ltswords	box-3D	148
luckboom	box-3D	75
luckgrln	box-3D	75
lucky74	box-3D	147
lucky8	box-3D	178
luckywld	box-3D	155
luctoday	box-3D	158
lufykzku	box-3D	186
lunaprk	box-3D	75
lupin3	box-3D	157
lupinsho	box-3D	227
luptype	box-3D	227
lvcards	box-3D	75
lvgirl94	box-3D	177
lwings	box-3D	151
m4	box-3D	150
m660	box-3D	157
m79amb	box-3D	75
m_tppokr	box-3D	75
mace	box-3D	160
mach3	box-3D	49
macha	box-3D	180
machbrkr	box-3D	155
machomou	box-3D	157
macross	box-3D	186
macross2	box-3D	186
macrossp	box-3D	186
madalien	box-3D	162
madball	box-3D	75
madcrash	box-3D	154
maddog	box-3D	170
maddog2	box-3D	170
maddonna	box-3D	75
madgear	box-3D	151
madmotor	box-3D	189
madshark	box-3D	149
madzoo	box-3D	75
mag_burn	box-3D	75
mag_day	box-3D	75
mag_pdak	box-3D	75
mag_time	box-3D	147
mag_war	box-3D	75
mag_xain	box-3D	169
magdrop2	box-3D	142
magdrop3	box-3D	142
magerror	box-3D	75
magic10	box-3D	75
magic102	box-3D	75
magicard	box-3D	75
magicbal	box-3D	187
magicbub	box-3D	75
magicfly	box-3D	75
magicrd2	box-3D	75
magicstk	box-3D	75
magipur	box-3D	75
magix	box-3D	75
magjoker	box-3D	75
maglord	box-3D	142
magmax	box-3D	180
magspeed	box-3D	149
magspot	box-3D	188
magspot2	box-3D	188
magtouch	box-3D	75
magtruck	box-3D	55
magzun	box-3D	147
mahjngoh	box-3D	299
mahmajn	box-3D	147
mahmajn2	box-3D	147
mahretsu	box-3D	142
maiko	box-3D	180
mainevt	box-3D	158
mainline	box-3D	75
mainsnk	box-3D	154
majorpkr	box-3D	75
majs101b	box-3D	173
majtitl2	box-3D	148
majtitle	box-3D	148
makaijan	box-3D	173
maletmad	box-3D	75
malzak	box-3D	75
mamboagg	box-3D	158
mamonoro	box-3D	56
mangchi	box-3D	163
maniach	box-3D	157
maniacsp	box-3D	194
manicpnc	box-3D	56
manxtt	box-3D	54
manybloc	box-3D	163
mappy	box-3D	155
marble	box-3D	160
marblmd2	box-3D	160
marineb	box-3D	147
marinedt	box-3D	157
mariner	box-3D	179
mario	box-3D	161
markham	box-3D	75
mars	box-3D	179
marstv	box-3D	56
martmast	box-3D	176
maruchan	box-3D	69
marukin	box-3D	189
marukodq	box-3D	142
marvins	box-3D	154
marvland	box-3D	155
mastboy	box-3D	194
masterw	box-3D	157
mastfury	box-3D	75
mastkin	box-3D	158
match98	box-3D	178
matchit	box-3D	75
matchit2	box-3D	148
matmania	box-3D	157
matrim	box-3D	142
mausuke	box-3D	69
maverik	box-3D	75
mawasunda	box-3D	299
maxforce	box-3D	160
maxideal	box-3D	75
maxrpm	box-3D	150
maxspeed	box-3D	53
maya	box-3D	173
mayday	box-3D	150
mayhem	box-3D	192
mayjin3	box-3D	149
mayjinsn	box-3D	149
mayjisn2	box-3D	149
mayumi	box-3D	75
mazan	box-3D	56
maze	box-3D	150
mazeinv	box-3D	160
mazerbla	box-3D	75
mazinger	box-3D	186
mbaa	box-3D	56
mbombrd	box-3D	6
mbutrfly	box-3D	75
mcatadv	box-3D	75
mchampdx	box-3D	75
mcheonru	box-3D	187
mcnpshnt	box-3D	173
mcolors	box-3D	75
mcontest	box-3D	180
mdhorse	box-3D	155
mdrawpkr	box-3D	75
mechatt	box-3D	154
medlanes	box-3D	75
megablst	box-3D	157
megadon	box-3D	75
megadpkr	box-3D	75
megaman	box-3D	6
megaman2	box-3D	7
megaphx	box-3D	75
megat7e	mixrbv2	75
megatack	box-3D	75
megazone	box-3D	158
megrescu	box-3D	147
meijinsn	box-3D	154
meltyb	box-3D	227
meltybld	box-3D	227
menghong	box-3D	176
meosism	box-3D	164
mercs	box-3D	6
merlinmm	box-3D	158
mermaid	box-3D	75
metabee	box-3D	75
metafox	box-3D	149
metalb	box-3D	157
metamrph	box-3D	158
metlclsh	box-3D	162
metlfrzr	box-3D	190
metlhawk	box-3D	155
metlsavr	box-3D	187
metmqstr	box-3D	186
metrocrs	box-3D	155
mf_achas	box-3D	165
mf_bdash	box-3D	165
mf_brist	box-3D	165
mf_flip	box-3D	165
mfjump	box-3D	153
mfunclub	box-3D	175
mgakuen	box-3D	189
mgakuen2	box-3D	189
mgcldtex	box-3D	157
mgcrystl	box-3D	174
mgcs	box-3D	176
mgdh	box-3D	176
mgfx	box-3D	176
mgion	box-3D	180
mgmen89	box-3D	180
mgolf	box-3D	160
mhavoc	box-3D	160
mhgaiden	box-3D	189
mhhonban	box-3D	180
mia	box-3D	158
micrombc	box-3D	69
midnrun	box-3D	158
midres	box-3D	162
miexchng	box-3D	142
mightguy	box-3D	180
mikie	box-3D	158
mil4000	box-3D	75
milliped	box-3D	160
mimonkey	box-3D	188
minasan	box-3D	142
minefld	box-3D	158
mineswpr	box-3D	75
minferno	box-3D	75
miniboy7	box-3D	75
minigolf	box-3D	150
minivadr	box-3D	157
mirage	box-3D	189
mirax	box-3D	75
mirninja	box-3D	155
misdraw	box-3D	75
misncrft	box-3D	187
missb2	box-3D	182
missile	box-3D	160
missw02	box-3D	177
missw96	box-3D	177
mj1	box-3D	227
mj4simai	box-3D	75
mjangels	box-3D	173
mjapinky	box-3D	173
mjcamera	box-3D	180
mjchuuka	box-3D	173
mjclinic	box-3D	189
mjclub	box-3D	173
mjcomv1	box-3D	173
mjdchuka	box-3D	173
mjdejavu	box-3D	173
mjderngr	box-3D	173
mjdialq2	box-3D	173
mjdiplob	box-3D	173
mjegolf	box-3D	180
mjelctrn	box-3D	173
mjflove	box-3D	173
mjfocus	box-3D	180
mjfriday	box-3D	173
mjgaiden	box-3D	180
mjgalpri	box-3D	180
mjgnight	box-3D	173
mjgottsu	box-3D	180
mjgottub	box-3D	180
mjgtaste	box-3D	167
mjhokite	box-3D	189
mjifb	box-3D	173
mjikaga	box-3D	189
mjjoship	box-3D	189
mjkinjas	box-3D	189
mjkjidai	box-3D	75
mjkoiura	box-3D	180
mjkojink	box-3D	189
mjlaman	box-3D	180
mjleague	box-3D	147
mjlstory	box-3D	180
mjmaglmp	box-3D	75
mjmania	box-3D	180
mjmyorn2	box-3D	173
mjmyster	box-3D	173
mjmyuniv	box-3D	173
mjnanpas	box-3D	180
mjnatsu	box-3D	175
mjnquest	box-3D	157
mjprivat	box-3D	189
mjreach	box-3D	173
mjreach1	box-3D	173
mjschuka	box-3D	173
mjsenpu	box-3D	75
mjsikaku	box-3D	180
mjsister	box-3D	191
mjtensin	box-3D	173
mjuraden	box-3D	180
mjvegasa	box-3D	173
mjyarou	box-3D	181
mjyougo	box-3D	189
mjyuugi	box-3D	181
mjzoomin	box-3D	159
mk	box-3D	150
mk2	box-3D	150
mk3	box-3D	150
mk3mdb	box-3D	75
mk4	box-3D	150
mkeibaou	box-3D	180
mladyhtr	box-3D	180
mlanding	box-3D	157
mmagic	box-3D	161
mmatrix	box-3D	7
mmaulers	box-3D	158
mmaze	box-3D	155
mmehyou	box-3D	180
mmmbanc	box-3D	47
mmonkey	box-3D	169
mmpanic	box-3D	157
mmpork	box-3D	47
mnight	box-3D	75
mocapb	box-3D	158
moeru	box-3D	227
mofflott	box-3D	157
mogitate	box-3D	180
moguchan	box-3D	75
mogura	box-3D	158
mok	box-3D	227
mole	box-3D	75
momoko	box-3D	159
momotaro	box-3D	173
moneymac	box-3D	178
mongolnw	box-3D	75
monkeyba	box-3D	227
monsterb	box-3D	147
monsterz	box-3D	158
montecar	box-3D	160
monymony	box-3D	75
moomesa	box-3D	158
moonal2	box-3D	155
mooncrst	box-3D	180
moonqsr	box-3D	180
moonwar	box-3D	158
moonwarp	box-3D	180
moremore	box-3D	187
moremorp	box-3D	187
mortalr	box-3D	75
mosaic	box-3D	75
mosaicf2	box-3D	75
moshougi	box-3D	142
motofren	box-3D	160
motoraid	box-3D	54
motos	box-3D	155
motoxgo	box-3D	155
mouja	box-3D	189
mouseatk	box-3D	75
mouser	box-3D	75
mp_bio	box-3D	196
mp_col3	box-3D	196
mp_gaxe2	box-3D	196
mp_gslam	box-3D	196
mp_gunhe	box-3D	196
mp_mazin	box-3D	196
mp_shnb3	box-3D	196
mp_soni2	box-3D	196
mp_sonic	box-3D	196
mp_sor2	box-3D	196
mp_twcup	box-3D	196
mpang	box-3D	7
mpatrol	box-3D	148
mplanets	box-3D	209
mpumpkin	box-3D	6
mrdig	box-3D	187
mrdo	box-3D	188
mrdrillr	box-3D	155
mrdrilr2	box-3D	155
mrdrilrg	box-3D	155
mrflea	box-3D	75
mrgoemon	box-3D	158
mrjong	box-3D	75
mrkicker	box-3D	187
mrkougar	box-3D	179
mrokumei	box-3D	189
mroundup	mixrbv2	75
mrsdyna	box-3D	75
mrtnt	box-3D	155
mrviking	box-3D	147
ms5pcb	box-3D	142
msbingo	box-3D	75
mscoutm	box-3D	180
msgogo	box-3D	189
msgundam	box-3D	186
msh	box-3D	7
mshuttle	box-3D	180
mshvsf	box-3D	7
msisaac	box-3D	157
msjiken	box-3D	180
mslider	box-3D	181
mslug	box-3D	142
mslug2	box-3D	142
mslug3	box-3D	142
mslug4	box-3D	142
mslug6	box-3D	53
mslugx	box-3D	142
mspacman	box-3D	150
mspactwin	box-3D	75
mspuzzle	box-3D	75
mstworld	box-3D	189
msword	box-3D	6
mt_aftrb	box-3D	195
mt_arrow	box-3D	195
mt_astrm	box-3D	195
mt_astro	box-3D	195
mt_asyn	box-3D	195
mt_bbros	box-3D	195
mt_beast	box-3D	195
mt_calga	box-3D	195
mt_cols	box-3D	195
mt_crack	box-3D	195
mt_eswat	box-3D	195
mt_fshrk	box-3D	195
mt_fwrld	box-3D	195
mt_fz	box-3D	195
mt_gaxe	box-3D	195
mt_gaxe2	box-3D	195
mt_gfoot	box-3D	195
mt_ggolf	box-3D	195
mt_gng	box-3D	195
mt_gsocr	box-3D	195
mt_kcham	box-3D	195
mt_lastb	box-3D	195
mt_mlh	box-3D	195
mt_mwalk	box-3D	195
mt_mystd	box-3D	195
mt_orun	box-3D	195
mt_parlg	box-3D	195
mt_revsh	box-3D	195
mt_shado	box-3D	195
mt_shang	box-3D	195
mt_shar2	box-3D	195
mt_shnbi	box-3D	195
mt_smgp	box-3D	195
mt_soni2	box-3D	195
mt_sonic	box-3D	195
mt_spman	box-3D	195
mt_srage	box-3D	195
mt_srbb	box-3D	195
mt_stbld	box-3D	195
mt_stf	box-3D	195
mt_tetri	box-3D	195
mt_tfor2	box-3D	195
mt_tgolf	box-3D	195
mt_tlbba	box-3D	195
mt_tout	box-3D	195
mt_wcsoc	box-3D	195
mt_wwar	box-3D	195
mtetrisc	box-3D	151
mtlchamp	box-3D	158
mtonic	box-3D	178
mtrap	box-3D	165
mtwins	box-3D	6
mugsmash	box-3D	75
multchmp	box-3D	75
multigm2	box-3D	75
multiped	box-3D	160
murogem	box-3D	75
musclem	mixrbv2	75
musclhit	box-3D	158
mushi2k4	box-3D	56
mushi2k5	box-3D	56
mushi2k61	mixrbv2	56
mushik2e	box-3D	56
mushik4e	box-3D	56
mushike	box-3D	56
mushisam	box-3D	47
mushitam	box-3D	47
musicbal	box-3D	75
musicsrt	box-3D	75
musobana	mixrbv2	180
mustache	box-3D	190
mustang	box-3D	75
mutantf	box-3D	162
mutnat	box-3D	142
mv4in1	box-3D	75
mvp	box-3D	147
mvsc	box-3D	7
mvsc2	box-3D	56
mwalk	box-3D	147
mwarr	box-3D	75
mwskins	mixrbv2	150
mx5000	box-3D	158
myangel	box-3D	155
myangel2	box-3D	155
myangel3	box-3D	155
myfairld	box-3D	69
myhero	box-3D	147
mysticm	mixrbv2	150
mysticri	box-3D	148
mystston	box-3D	169
mystwarr	box-3D	158
nagano98	box-3D	158
nam1975	box-3D	142
namenayo	mixrbv2	75
nametune	box-3D	150
naname	box-3D	185
narc	box-3D	150
nastar	box-3D	157
natodef	box-3D	75
naughtyb	box-3D	159
navarone	box-3D	155
nbagold	box-3D	150
nbahangt	box-3D	150
nbajam	box-3D	150
nbajamex	box-3D	166
nbajamte	box-3D	150
nbanfl	box-3D	150
nbapbp	box-3D	158
nbashowt	box-3D	150
nbbatman	box-3D	148
nc96	box-3D	178
ncombat	box-3D	142
ncommand	box-3D	142
ncv1	box-3D	155
ncv2	box-3D	155
ndxron10	box-3D	75
nebulray	box-3D	155
neckneck	box-3D	193
nekkyoku	box-3D	175
nemesis	box-3D	158
nemo	box-3D	6
neobattl	box-3D	186
neobombe	box-3D	142
neocup98	box-3D	142
neodrift	box-3D	142
neomrdo	box-3D	142
neraidou	box-3D	75
neruton	box-3D	173
nettoqc	box-3D	173
netwars	box-3D	75
nevadafw	mixrbv2	75
new2001	box-3D	75
newfant	box-3D	177
newmcard	box-3D	75
news	box-3D	75
newsin7	box-3D	179
newxpang	box-3D	75
nfb96	box-3D	178
nflfoot	box-3D	150
nfm	box-3D	178
ngalsumr	box-3D	180
ngbc	box-3D	53
ngpgal	box-3D	180
ngtbunny	box-3D	180
nhidctch	box-3D	75
nhomerun	box-3D	159
nibbler	box-3D	154
nicetsuk	mixrbv2	155
nichisel	box-3D	180
nightgal	box-3D	180
nightlov	box-3D	180
nightmare	box-3D	75
nightrai	box-3D	299
nightstr	box-3D	157
ninclown	box-3D	193
ninjak	box-3D	157
ninjakd2	box-3D	75
ninjakun	box-3D	157
ninjamas	box-3D	142
ninjaslt	box-3D	56
ninjaw	box-3D	157
ninjemak	box-3D	180
nitd	box-3D	142
nitedrvr	box-3D	160
nitrobal	box-3D	162
nmg5	box-3D	75
nmouse	box-3D	155
nmsengen	box-3D	175
nndmseal	box-3D	159
noahsark	box-3D	75
nob	box-3D	162
nomnlnd	box-3D	209
noraut3a	box-3D	75
norautdx	box-3D	75
norautp	box-3D	75
norautra	box-3D	75
norautua	box-3D	75
nost	box-3D	75
nostromo	box-3D	75
nouryoku	box-3D	153
nova2001	box-3D	75
novoplay	box-3D	75
nrallyx	box-3D	155
nratechu	box-3D	149
ns8lines	box-3D	178
nslasher	box-3D	162
nspirit	box-3D	148
nss_actr	box-3D	161
nss_adam	box-3D	161
nss_aten	box-3D	161
nss_con3	box-3D	158
nss_fzer	box-3D	161
nss_lwep	box-3D	161
nss_ncaa	box-3D	161
nss_rob3	box-3D	161
nss_skin	box-3D	148
nss_smw	box-3D	161
nss_ssoc	box-3D	161
nss_sten	box-3D	161
nstocker	box-3D	150
nsub	box-3D	147
ntopstar	box-3D	180
numanath	box-3D	155
number1	box-3D	75
number10	box-3D	75
numcrash	box-3D	155
nuretemi	box-3D	180
nvs_machrider	box-3D	161
nvs_mightybj	box-3D	153
nvs_platoon	box-3D	161
nwarr	box-3D	7
nycaptor	box-3D	157
nyjoker	box-3D	75
nyny	box-3D	209
oceanhun	box-3D	55
officeye	box-3D	176
offroad	box-3D	75
offroadc	box-3D	150
offroadt	box-3D	75
offtwall	box-3D	160
ohmygod	box-3D	185
ohpaipee	box-3D	180
oinori	box-3D	56
oisipuzl	box-3D	75
ojanko2	box-3D	75
ojankoc	box-3D	75
ojankohs	box-3D	75
ojankoy	box-3D	75
ojousan	box-3D	180
olds	box-3D	176
oldsplus	box-3D	176
olibochu	box-3D	148
ollie	box-3D	147
omega	box-3D	147
omegaf	box-3D	75
omegrace	box-3D	150
omotesnd	box-3D	180
oneshot	box-3D	75
onetwo	box-3D	75
onna34ro	box-3D	157
ooparts	box-3D	75
opaopa	box-3D	147
opengolf	box-3D	158
openice	box-3D	150
optiger	box-3D	157
opwolf	box-3D	157
opwolf3	box-3D	157
orangec	box-3D	180
orbit	box-3D	160
orbitron	box-3D	158
orbs	box-3D	164
ordyne	box-3D	155
orleg2	box-3D	176
orlegend	box-3D	176
orunners	box-3D	147
oscar	box-3D	162
osman	box-3D	189
otatidai	box-3D	180
otenamhf	box-3D	299
otenamih	box-3D	299
otenki	box-3D	299
othello	box-3D	75
othellos	box-3D	69
othldrby	box-3D	191
othunder	box-3D	157
otonano	box-3D	180
otrigger	box-3D	56
otwalls	box-3D	150
outfxies	box-3D	155
outr2	box-3D	147
outr2st	box-3D	147
outrun	box-3D	147
outzone	box-3D	191
overdriv	box-3D	158
overrev	box-3D	54
overtop	box-3D	142
ozmawars	box-3D	154
ozon1	box-3D	158
p47	box-3D	159
p47aces	box-3D	159
p911	box-3D	158
p9112	box-3D	158
pacapp	box-3D	155
pacapp2	box-3D	155
pacappsp	box-3D	155
paceight	box-3D	155
pachifev	box-3D	75
pachiten	box-3D	180
packbang	box-3D	174
pacland	box-3D	155
pacmania	box-3D	155
pacnpal	box-3D	155
pacplus	box-3D	155
pacslot	box-3D	155
paddlema	box-3D	154
pairlove	box-3D	149
pairs	box-3D	193
pairsnb	box-3D	180
pairsred	box-3D	193
palamed	box-3D	157
pandoras	box-3D	158
pang	box-3D	189
pang3	box-3D	6
pangpang	box-3D	187
pangpoms	box-3D	189
panic	box-3D	188
panicbom	box-3D	142
panicr	box-3D	157
panicstr	box-3D	174
panther	box-3D	148
paperboy	box-3D	160
paprazzi	box-3D	75
para2dx	box-3D	75
paradise	box-3D	75
paradlx	box-3D	75
parentj	box-3D	157
parodius	box-3D	158
parrot3	box-3D	178
pasha2	box-3D	75
pass	box-3D	75
passsht	box-3D	147
pastelg	box-3D	180
pastelis	box-3D	181
patapata	box-3D	185
patimono	box-3D	180
patocar	box-3D	69
pbaction	box-3D	75
pballoon	box-3D	154
pbancho	box-3D	75
pbillian	box-3D	157
pbillrd	box-3D	147
pblbeach	box-3D	69
pbobbl2n	box-3D	142
pbobble	box-3D	142
pbobble2	box-3D	157
pbobble3	box-3D	157
pbobble4	box-3D	157
pc_1942	box-3D	184
pc_bball	box-3D	184
pc_bfght	box-3D	184
pc_bload	box-3D	184
pc_bstar	box-3D	184
pc_cntra	box-3D	184
pc_cshwk	box-3D	184
pc_cvnia	box-3D	184
pc_dbldr	box-3D	184
pc_ddrgn	box-3D	184
pc_drmro	box-3D	184
pc_duckh	box-3D	184
pc_ebike	box-3D	184
pc_ftqst	box-3D	184
pc_gntlt	box-3D	184
pc_golf	box-3D	184
pc_goons	box-3D	184
pc_grdus	box-3D	184
pc_hgaly	box-3D	184
pc_kngfu	box-3D	184
pc_mario	box-3D	184
pc_miket	box-3D	184
pc_mman3	box-3D	184
pc_moglf	box-3D	184
pc_mtoid	box-3D	184
pc_ngai2	box-3D	184
pc_ngai3	box-3D	184
pc_ngaid	box-3D	184
pc_pinbt	box-3D	184
pc_pwbld	box-3D	184
pc_pwrst	box-3D	184
pc_radr2	box-3D	184
pc_radrc	box-3D	184
pc_rcpam	box-3D	184
pc_rkats	box-3D	184
pc_rnatk	box-3D	184
pc_rrngr	box-3D	184
pc_rygar	box-3D	184
pc_sjetm	box-3D	184
pc_smb	box-3D	184
pc_smb2	box-3D	184
pc_smb3	box-3D	184
pc_suprc	box-3D	184
pc_tbowl	box-3D	184
pc_tenis	box-3D	184
pc_tkfld	box-3D	184
pc_tmnt	box-3D	184
pc_tmnt2	box-3D	184
pc_trjan	box-3D	184
pc_ttoon	box-3D	184
pc_vball	box-3D	184
pc_wcup	box-3D	184
pc_wgnmn	box-3D	184
pc_ynoid	box-3D	184
pcktgal	box-3D	162
pclubys	box-3D	155
pcnfrk	box-3D	158
pcnfrk2m	box-3D	158
pcnfrk3m	box-3D	158
pcnfrk4m	box-3D	158
pcnfrk5m	box-3D	158
pdrift	box-3D	147
peekaboo	box-3D	159
peggle	box-3D	193
peip0028	box-3D	75
pemg0025	box-3D	75
pemg0213	box-3D	75
penbros	box-3D	149
penfan	box-3D	75
pengadvb	box-3D	158
pengo	box-3D	147
penky	box-3D	75
pepper2	box-3D	165
percuss	box-3D	75
perestro	box-3D	157
perfrman	box-3D	162
pesadelo	box-3D	158
peterpak	box-3D	160
pf2012	box-3D	157
pgalvip	box-3D	177
pgm3in1	box-3D	176
pgoal	box-3D	142
phantom2	box-3D	150
pharrier	box-3D	258
phelios	box-3D	155
phklad	box-3D	75
phoenix	box-3D	158
photoy2k	box-3D	176
phozon	box-3D	155
phpython	box-3D	75
phtetris	box-3D	75
pickin	box-3D	157
pickwin	box-3D	178
pignewt	box-3D	147
pigout	box-3D	75
pigskin	box-3D	150
pinbo	box-3D	159
pingpong	box-3D	158
pinkiri8	box-3D	75
pinkswts	box-3D	47
pipedrm	box-3D	175
pipeline	box-3D	75
pipibibs	box-3D	191
pir2001	box-3D	178
pir2002	box-3D	178
pirate2	box-3D	75
pirates	box-3D	75
piratesh	box-3D	158
piratetr	box-3D	75
pirpok2	box-3D	178
pisces	box-3D	158
pistoldm	box-3D	155
pitapat	box-3D	75
pitboss	box-3D	75
pitfall2	box-3D	147
pitfight	box-3D	160
pitnrun	box-3D	157
pjustic	box-3D	56
pkgnsh	box-3D	75
pkgnshdx	box-3D	75
pkladies	box-3D	189
pkscram	box-3D	75
pktet346	box-3D	176
pktgaldx	box-3D	162
pkunwar	box-3D	75
play2000	box-3D	194
playball	box-3D	150
plegends	box-3D	185
pleiads	box-3D	75
plgirls	box-3D	157
plgirls2	box-3D	157
plotting	box-3D	157
plsmaswd	box-3D	151
pltkids	box-3D	54
plumppop	box-3D	157
plusalph	box-3D	159
plygonet	box-3D	158
pma	box-3D	75
pmpoker	box-3D	75
pnickj	box-3D	6
pntnpuzl	box-3D	75
pnyaa	box-3D	142
pocketrc	box-3D	155
poitto	box-3D	189
poizone	box-3D	75
pokechmp	box-3D	75
poker91	box-3D	75
pokeresp	box-3D	75
pokermon	box-3D	75
pokerout	mixrbv2	75
pokersis	box-3D	75
pokoachu	box-3D	180
pokonl97	box-3D	178
pokonyan	box-3D	6
pokrdice	box-3D	193
polaris	box-3D	157
polepos	box-3D	155
polepos2	box-3D	155
policetr	box-3D	75
pollux	box-3D	75
polynetw	box-3D	158
polyplay	box-3D	75
polystar	box-3D	158
ponchin	box-3D	181
pong	box-3D	160
ponpoko	box-3D	155
pontoon	box-3D	75
pool10	box-3D	75
poolshrk	box-3D	160
poosho	box-3D	187
pooyan	box-3D	158
popbingo	box-3D	75
popbounc	box-3D	142
popflame	box-3D	159
popn1	box-3D	158
popn2	box-3D	158
popn3	box-3D	158
popnpop	box-3D	157
popnrun	mixrbv2	190
popnstex	box-3D	158
popobear	box-3D	75
popper	box-3D	75
popspops	box-3D	163
porky	box-3D	155
portrait	box-3D	75
potgame	box-3D	75
potopoto	box-3D	147
pottnpkr	box-3D	75
poundfor	box-3D	148
pow	box-3D	154
powerbal	box-3D	75
powerdrv	box-3D	150
powerins	box-3D	185
powrplay	box-3D	192
powyak96	box-3D	158
powyakex	box-3D	158
ppcar	box-3D	75
ppd	mixrbv2	158
ppj	box-3D	75
ppking	box-3D	157
ppmast93	box-3D	75
ppp	box-3D	158
ppp11	box-3D	158
ppp2nd	mixrbv2	158
pprobe	box-3D	75
ppsatan	box-3D	75
prehisle	box-3D	154
preisle2	box-3D	142
prikura	box-3D	69
primglex	box-3D	155
primrag2	box-3D	160
primrage	box-3D	160
prmrsocr	box-3D	158
profpac	box-3D	150
progear	box-3D	7
progolf	box-3D	162
progress	box-3D	75
promutrv	box-3D	75
propcycl	box-3D	156
prosport	box-3D	162
protenn	box-3D	162
prtytime	box-3D	189
psailor1	box-3D	180
psailor2	box-3D	180
pspikes	box-3D	175
pspikes2	box-3D	142
pstadium	box-3D	180
pstone	box-3D	56
pstone2	box-3D	56
psurge	box-3D	158
psychic5	box-3D	159
psychos	box-3D	154
psyforce	box-3D	157
psyvar2	box-3D	227
ptblank	box-3D	155
ptblank2	box-3D	155
ptblank3	box-3D	155
ptrain	box-3D	75
ptrmj	box-3D	148
pturn	box-3D	159
pubball	box-3D	150
puchicar	box-3D	157
puckman	box-3D	155
puckpkmn	box-3D	75
pulirula	box-3D	157
pulsar	box-3D	147
pulstar	box-3D	142
punchout	box-3D	161
punisher	box-3D	6
punkshot	box-3D	158
pururun	box-3D	189
pushman	box-3D	177
pushover	box-3D	75
puyo	box-3D	147
puyoda	box-3D	56
puyofev	box-3D	227
puyopuy2	box-3D	147
puyosun	box-3D	69
puzlclub	box-3D	155
puzlstar	box-3D	176
puzzldpr	box-3D	142
puzzledp	box-3D	142
puzzlet	box-3D	189
puzzli	box-3D	189
puzzli2	box-3D	176
puzzloop	box-3D	189
puzzlove	box-3D	75
puzznic	box-3D	157
pwrflip	box-3D	75
pwrgoal	box-3D	157
pwrinst2	box-3D	185
pwrkick	box-3D	191
py2k2	box-3D	176
pyenaget	box-3D	164
pzlbowl	box-3D	75
pzlbreak	box-3D	187
pzlestar	mixrbv2	75
pzletime	box-3D	75
pzloop2	box-3D	7
qad	box-3D	6
qb3	box-3D	192
qbert	box-3D	209
qbertqub	box-3D	209
qc	box-3D	75
qcrayon	box-3D	157
qcrayon2	box-3D	157
qdrmfgp	box-3D	158
qdrmfgp2	box-3D	158
qgakumon	box-3D	158
qgh	box-3D	147
qix	box-3D	157
qjinsei	box-3D	157
qmegamis	box-3D	56
qmhayaku	box-3D	180
qndream	box-3D	7
qrouka	box-3D	147
qsangoku	box-3D	151
qsww	box-3D	147
qtheater	box-3D	157
qtono1	box-3D	151
qtono2j	box-3D	6
qtorimon	box-3D	157
quantum	box-3D	160
quarterb	box-3D	75
quartet	box-3D	147
quasar	box-3D	75
queenbee	mixrbv2	75
quester	box-3D	155
quickjac	box-3D	75
quickp5	box-3D	158
quiz	box-3D	75
quiz18k	box-3D	175
quiz365	box-3D	157
quizard	mixrbv2	75
quizard2	box-3D	75
quizard3	mixrbv2	75
quizchq	box-3D	173
quizdai2	box-3D	142
quizdais	box-3D	142
quizdna	box-3D	163
quizf1	box-3D	148
quizhq	box-3D	157
quizhuhu	box-3D	157
quizkof	box-3D	142
quizmeku	box-3D	147
quizmoon	box-3D	186
quizmstr	box-3D	75
quizo	box-3D	75
quizpani	box-3D	163
quizqgd	box-3D	227
quizshow	box-3D	160
quiztou	box-3D	155
quiztvqq	box-3D	173
quizvid	box-3D	75
qwak	box-3D	160
qzchikyu	box-3D	157
qzkklgy2	box-3D	153
qzkklogy	box-3D	153
qzquest	box-3D	157
qzshowby	box-3D	157
r2dtank	box-3D	75
r2dx_v33	box-3D	190
rabbit	box-3D	75
rabiolep	box-3D	150
raccoon	box-3D	75
racedriv	box-3D	160
rachero	box-3D	147
racinfrc	box-3D	158
racingb	box-3D	157
racingj	box-3D	158
rackemup	box-3D	158
racknrol	box-3D	158
radarscp	box-3D	161
radarzon	box-3D	179
radikalb	box-3D	194
radirgy	box-3D	227
radirgyn	box-3D	56
radm	box-3D	147
radr	box-3D	147
radrad	box-3D	180
raflesia	box-3D	147
ragnagrd	box-3D	142
raiden	box-3D	190
raiden2	box-3D	190
raidendx	box-3D	190
raiders	box-3D	179
raiders5	box-3D	157
raimais	box-3D	157
raizpin	box-3D	157
rallybik	box-3D	157
rallyx	box-3D	155
rambo3	box-3D	157
rampage	box-3D	150
rampart	box-3D	160
rangrmsn	box-3D	53
rapidfir	box-3D	75
rastan	box-3D	157
raverace	box-3D	156
raycris	box-3D	299
raystorm	box-3D	157
razmataz	box-3D	147
rbff1	box-3D	142
rbff2	box-3D	142
rbffspec	box-3D	142
rbibb	box-3D	155
rbisland	box-3D	157
rbislande	box-3D	157
rblaster	box-3D	49
rbmk	box-3D	75
rcdino4	box-3D	180
rchase	box-3D	147
rchase2	box-3D	54
rdft	box-3D	190
rdft2	box-3D	190
reactor	box-3D	209
reaktor	box-3D	158
realbrk	box-3D	75
realbrod	mixrbv2	75
recalh	box-3D	157
record	box-3D	75
recordbr	box-3D	157
redalert	box-3D	148
redbaron	box-3D	160
redclash	box-3D	174
redearth	box-3D	8
redlin2p	box-3D	192
redrobin	box-3D	174
redufo	box-3D	158
reelfun	box-3D	75
reelquak	box-3D	75
regulus	box-3D	147
relief	box-3D	160
renaiclb	box-3D	180
renaimj	box-3D	180
renegade	box-3D	157
renju	box-3D	181
repulse	box-3D	147
rescraid	box-3D	150
rescue	box-3D	158
retofinv	box-3D	157
revngr84	box-3D	75
revx	box-3D	150
rezon	box-3D	149
rfjet	box-3D	190
rhytngk	box-3D	56
ribbit	box-3D	147
ridgera2	box-3D	156
ridgerac	box-3D	156
ridhero	box-3D	142
ridingf	box-3D	157
ridleofp	box-3D	147
rimrockn	box-3D	193
ringdest	box-3D	7
ringout	box-3D	56
ringrage	box-3D	157
riot	box-3D	163
riotcity	box-3D	147
ripcord	box-3D	165
ripoff	box-3D	192
ripribit	box-3D	75
riskchal	box-3D	148
rjammer	box-3D	180
rltennis	box-3D	75
rmhaihai	box-3D	181
rmhaijin	box-3D	181
rmhaisei	box-3D	181
rmpgwt	box-3D	150
roadblst	box-3D	160
roadburn	box-3D	160
roadedge	box-3D	154
roadf	box-3D	158
roadriot	box-3D	160
roadrunn	box-3D	160
robadv	box-3D	178
robadv2	box-3D	178
robby	box-3D	150
roboarmy	box-3D	142
robocop	box-3D	162
robocop2	box-3D	162
robokid	box-3D	75
robotbwl	box-3D	165
robotron	box-3D	150
robowres	box-3D	147
rockclim	box-3D	157
rockduck	box-3D	169
rockn	box-3D	159
rockn2	box-3D	159
rockn3	box-3D	159
rockn4	box-3D	159
rocknms	box-3D	159
rockrage	box-3D	158
rocktris	box-3D	75
rocktrv2	box-3D	155
rocnrope	box-3D	158
rodland	box-3D	159
rohga	box-3D	162
roishtar	box-3D	155
rolcrush	box-3D	187
roldfrog	box-3D	194
rollerg	box-3D	158
rollingc	box-3D	180
rompers	box-3D	155
ron2	mixrbv2	75
rongrong	box-3D	173
ronjans	box-3D	75
rotaryf	box-3D	75
rotd	box-3D	142
rotr	box-3D	75
roughrac	box-3D	147
rougien	box-3D	75
roul	box-3D	75
roundup	box-3D	157
roundup5	box-3D	75
route16	box-3D	75
royale	box-3D	75
royalmj	box-3D	180
royalpk2	box-3D	75
royalqn	box-3D	180
roypok96	box-3D	178
rpatrol	box-3D	180
rrreveng	box-3D	160
rsgun	box-3D	69
rshark	box-3D	75
rthun2	box-3D	155
rthunder	box-3D	155
rtriv	box-3D	157
rtype	box-3D	148
rtype2	box-3D	148
rtypeleo	box-3D	148
rumba	box-3D	157
rumblef	box-3D	53
rumblef2	box-3D	53
runaway	box-3D	160
rungun	box-3D	158
rungun2	box-3D	158
runpuppy	box-3D	158
rushbets	box-3D	75
rushhero	box-3D	158
rvschool	box-3D	151
rygar	box-3D	153
ryorioh	box-3D	181
ryouran	box-3D	174
ryujin	box-3D	157
ryukyu	box-3D	147
s1945	box-3D	167
s1945ii	box-3D	167
s1945iii	box-3D	167
s1945p	box-3D	142
sabotenb	box-3D	163
sadari	box-3D	75
safarir	box-3D	154
sailormn	box-3D	186
sailorws	box-3D	180
salamand	box-3D	158
salarymc	box-3D	158
salmankt	box-3D	53
salmndr2	box-3D	158
samba	box-3D	56
samba2k	box-3D	56
sams64	box-3D	154
sams64_2	box-3D	154
samsh5sp	box-3D	142
samsho	box-3D	142
samsho2	box-3D	142
samsho3	box-3D	142
samsho4	box-3D	142
samsho5	box-3D	142
samsptk	box-3D	53
samurai	box-3D	147
samuraia	box-3D	167
sandor	box-3D	69
sandscrp	box-3D	75
sarge	box-3D	150
sasissu	box-3D	69
sasuke	box-3D	154
satansat	box-3D	154
saturnzi	box-3D	150
sauro	box-3D	75
savagere	box-3D	142
sb2003	box-3D	75
sbagman	box-3D	157
sbasebal	box-3D	154
sbasketb	box-3D	158
sbhoei	box-3D	75
sbishi	box-3D	158
sblast2b	box-3D	75
sbmjb	box-3D	157
sbomber	box-3D	167
sbowling	box-3D	157
sbp	box-3D	154
sbrkout	box-3D	160
sbubsm	mixrbv2	75
sbugger	box-3D	75
scandal	box-3D	180
scessjoe	box-3D	157
scfinals	box-3D	157
schamp	box-3D	54
schaser	box-3D	157
schmeisr	box-3D	162
sci	box-3D	157
scion	box-3D	190
scobra	box-3D	158
scontra	box-3D	158
scorpion	box-3D	158
scotrsht	box-3D	158
scramble	box-3D	158
scregg	box-3D	169
screwloo	box-3D	209
scross	box-3D	147
scud	box-3D	55
scudhamm	box-3D	159
scyclone	box-3D	157
sderby	box-3D	75
sdfight	box-3D	187
sdgndmps	box-3D	186
sdi	box-3D	147
sdmg2	box-3D	176
sdodgeb	box-3D	142
sdungeon	box-3D	157
seabass	box-3D	69
searchar	box-3D	154
searchey	box-3D	75
searchp2	box-3D	75
seawld	box-3D	178
seawolf	box-3D	150
seawolf2	box-3D	150
secolove	box-3D	180
secondch	box-3D	75
secretag	box-3D	162
sectionz	box-3D	151
segajw	mixrbv2	147
seganinj	box-3D	147
segawski	box-3D	54
seicross	box-3D	180
seiha	box-3D	180
selfeena	box-3D	157
seljan	box-3D	173
seljan2	box-3D	173
semibase	box-3D	187
sengekis	box-3D	174
sengoku	box-3D	142
sengoku2	box-3D	142
sengoku3	box-3D	142
senjyo	box-3D	75
senknow	box-3D	174
senko	box-3D	227
senkosp	box-3D	227
senkyu	box-3D	190
setaroul	box-3D	181
sexappl	box-3D	75
sextriv1	box-3D	75
sexyboom	box-3D	75
sexygal	box-3D	180
sexyparo	box-3D	158
sf	box-3D	151
sf2	box-3D	6
sf2049	box-3D	160
sf2ce	box-3D	6
sf2hf	box-3D	6
sfa	box-3D	7
sfa2	box-3D	7
sfa3	box-3D	7
sfchamp	box-3D	157
sfex	box-3D	151
sfex2	box-3D	151
sfex2p	box-3D	151
sfexp	box-3D	151
sfiii	box-3D	8
sfiii2	box-3D	8
sfiii3	box-3D	8
sfish2	box-3D	147
sfkick	box-3D	75
sflush	box-3D	157
sfootbal	box-3D	150
sfposeid	box-3D	157
sfrush	box-3D	160
sfrushrk	box-3D	160
sftm	box-3D	151
sfx	box-3D	180
sfz2al	box-3D	7
sfz3ugd	box-3D	227
sgaltrop	box-3D	180
sgemf	box-3D	7
sgladiat	box-3D	154
sgmast	box-3D	147
sgmt1	box-3D	75
sgnascar	box-3D	258
sgsafari	box-3D	75
sgt24h	box-3D	54
sgtetris	box-3D	56
sgunner	box-3D	155
sgunner2	box-3D	155
shackled	box-3D	162
shadfrce	box-3D	169
shadowld	box-3D	155
shadoww	box-3D	153
shaktam	box-3D	227
shaktamb	box-3D	227
shaktmsp	box-3D	227
shangha2	box-3D	75
shangha3	box-3D	75
shanghai	box-3D	75
shanghss	box-3D	299
shangkid	box-3D	162
shangon	box-3D	147
shangril	box-3D	56
shangtou	box-3D	299
shanhigw	box-3D	69
sharkatt	box-3D	75
sharrier	box-3D	147
shdancer	box-3D	147
sheriff	box-3D	161
shienryu	box-3D	69
shikgam2	box-3D	227
shikigam	box-3D	299
shimpact	box-3D	150
shinfz	box-3D	147
shinygld	mixrbv2	75
shngmtkb	box-3D	75
shocking	box-3D	75
shocktr2	box-3D	142
shocktro	box-3D	142
shogwarr	box-3D	174
shollow	box-3D	150
shootbul	box-3D	150
shootgal	box-3D	75
shootout	box-3D	162
shootpl	box-3D	56
shoottv	box-3D	193
shors2k1	box-3D	56
shors2k2	box-3D	56
shorse	box-3D	56
shorsep	box-3D	56
shorsepr	box-3D	56
shougi	box-3D	182
shougi2	box-3D	182
showdown	box-3D	165
shpeng	box-3D	173
shrike	box-3D	150
shtngmst	box-3D	147
shtrider	box-3D	190
shuffle	box-3D	150
shufshot	box-3D	193
shuriboy	mixrbv2	158
shuttlei	box-3D	157
shuuz	box-3D	160
sianniv	box-3D	299
sidampkr	mixrbv2	75
sidearms	box-3D	151
sidebs	box-3D	157
sidebs2	box-3D	157
sidepckt	box-3D	162
sidetrac	box-3D	165
sigma2k	box-3D	75
sigmapkr	box-3D	75
silentd	box-3D	157
silkroad	box-3D	75
silkworm	box-3D	153
silvmil	box-3D	75
simpbowl	box-3D	158
simpsons	box-3D	158
sindbadm	box-3D	147
sinistar	box-3D	150
sjryuko	box-3D	147
skichamp	box-3D	55
skimaxx	box-3D	75
skisuprg	box-3D	54
skullfng	box-3D	162
skullxbo	box-3D	160
skyadvnt	box-3D	182
skyalert	box-3D	189
skyarmy	box-3D	75
skybase	box-3D	158
skybump	box-3D	75
skychal	box-3D	69
skychut	box-3D	148
skydest	box-3D	157
skydiver	box-3D	160
skyfox	box-3D	159
skykid	box-3D	155
skykiddx	box-3D	155
skylancr	box-3D	75
skylncr	box-3D	75
skylove	box-3D	157
skyraid	box-3D	160
skyrobo	box-3D	180
skyskipr	box-3D	161
skysmash	box-3D	75
skysoldr	box-3D	154
skytargt	box-3D	54
sl2007	box-3D	56
slammast	box-3D	6
slapshot	box-3D	157
slapshtr	box-3D	147
slasho	box-3D	56
slashout	box-3D	227
slipstrm	box-3D	151
slither	box-3D	157
sliver	box-3D	75
sloco93	box-3D	75
slrasslt	box-3D	158
slspirit	box-3D	75
smarinef	box-3D	56
smashtv	box-3D	150
smf	box-3D	152
smgolf	box-3D	161
smgp	box-3D	147
smiconk	mixrbv2	154
sminiboy	box-3D	75
smissw	box-3D	177
smleague	box-3D	69
smlg99	box-3D	56
smotor	box-3D	75
sms4in1	box-3D	75
smsjoker	box-3D	75
snakepit	box-3D	150
snakjack	box-3D	150
snapjack	box-3D	188
snapper	box-3D	147
snookr10	box-3D	75
snowboar	box-3D	194
snowbro2	box-3D	191
snowbro3	box-3D	187
snowbros	box-3D	191
socbrawl	box-3D	142
soccer	box-3D	160
soccerss	box-3D	158
sokonuke	box-3D	164
sokyugrt	box-3D	69
solarfox	box-3D	150
solarq	box-3D	192
solarwar	box-3D	160
soldam	box-3D	159
soldivid	box-3D	167
solfigtr	box-3D	157
solomon	box-3D	153
solvalou	mixrbv2	155
sonic	box-3D	147
sonic2mb	box-3D	147
sonicbom	box-3D	147
soniccar	box-3D	147
sonicfgt	box-3D	147
sonicwi2	box-3D	142
sonicwi3	box-3D	142
sonson	box-3D	151
sos	box-3D	155
sosterm	box-3D	75
sothello	box-3D	75
sotsugyo	box-3D	189
soulclbr	box-3D	155
souledge	box-3D	155
soulsurf	box-3D	230
soutenry	box-3D	299
spacbeam	box-3D	148
spacduel	box-3D	160
spaceace	box-3D	49
spacecr	box-3D	157
spacedx	box-3D	157
spacefb	box-3D	161
spacefev	box-3D	161
spacefrt	box-3D	179
spaceg	box-3D	75
spacegun	box-3D	157
spaceint	box-3D	158
spacelnc	box-3D	161
spaceod	box-3D	147
spacepir	box-3D	170
spaceskr	box-3D	157
spacetrk	box-3D	147
spacewar	box-3D	192
spacewin	box-3D	75
spacezap	box-3D	150
spacfury	box-3D	147
spacwalk	box-3D	150
spang	box-3D	189
sparkman	box-3D	75
sparkz	box-3D	160
spatter	box-3D	147
spawn	box-3D	56
spbactn	box-3D	153
spcenctr	box-3D	150
spcewarl	box-3D	157
spcforce	box-3D	75
spcfrcii	box-3D	161
spcinv95	box-3D	157
spcking2	box-3D	158
spclforc	box-3D	161
spclords	box-3D	160
spcpostn	box-3D	147
spdball	box-3D	75
spdcoin	box-3D	158
spdheat	box-3D	157
spdodgeb	box-3D	169
speakres	box-3D	157
spec2k	box-3D	163
spectar	box-3D	165
speedatk	box-3D	149
speedfrk	box-3D	192
speedrcr	box-3D	155
speedrs	box-3D	75
speedspn	box-3D	75
speedup	box-3D	194
speglsht	box-3D	149
spelunk2	box-3D	148
spelunkr	box-3D	148
spf2t	box-3D	7
spfghmk2	box-3D	162
spider	box-3D	75
spiders	box-3D	75
spidman	box-3D	147
spielbud	box-3D	75
spikeofe	box-3D	55
spikeout	box-3D	55
spiker	box-3D	150
spinlbrk	box-3D	175
spinmast	box-3D	142
spkrbtl	box-3D	227
splash	box-3D	194
splat	box-3D	150
splatter	box-3D	155
splndrbt	box-3D	182
splndrbt2	box-3D	182
spnchout	box-3D	161
spooky	box-3D	178
spool99	box-3D	75
spotty	mixrbv2	75
sprcros2	box-3D	75
springer	box-3D	147
sprint1	box-3D	160
sprint4	box-3D	160
sprint8	box-3D	160
sprtauth	box-3D	75
sprtjam	box-3D	227
sprtshot	box-3D	53
spuzbobl	box-3D	299
spy	box-3D	158
spyhunt	box-3D	150
spyhunt2	box-3D	150
sqbert	box-3D	209
sqix	box-3D	157
squaitsa	box-3D	157
squash	box-3D	194
squeenb	box-3D	75
sraider	box-3D	188
srally2	box-3D	55
srallyc	box-3D	54
sranger	box-3D	75
srdarwin	box-3D	162
srdmissn	box-3D	157
srmdb	box-3D	158
srmp1	box-3D	149
srmp2	box-3D	149
srmp3	box-3D	149
srmp4	box-3D	149
srmp5	box-3D	149
srmp6	box-3D	149
srmp7	box-3D	149
srmvs	box-3D	149
srollnd	box-3D	75
srumbler	box-3D	151
sryudens	box-3D	173
ss2005	box-3D	227
sscope	box-3D	158
sscope2	box-3D	158
sscopex	box-3D	158
ssf2	box-3D	7
ssf2t	box-3D	7
ssfindo	box-3D	75
sshangha	box-3D	75
sshooter	box-3D	75
sshot	box-3D	75
ssi	box-3D	157
ssideki	box-3D	142
ssideki2	box-3D	142
ssideki3	box-3D	142
ssideki4	box-3D	142
ssingles	box-3D	75
sslam	box-3D	75
ssmissin	box-3D	177
ssoldier	box-3D	148
ssonicbr	box-3D	75
ssozumo	box-3D	169
sspacaho	box-3D	147
sspaceat	box-3D	147
sspeedr	box-3D	150
sspirits	box-3D	147
ssprint	box-3D	160
ssrj	box-3D	157
sss	box-3D	69
sstar97	box-3D	75
sstingry	box-3D	182
sstrangr	box-3D	75
sstriker	box-3D	152
sstrkfgt	box-3D	56
stactics	box-3D	147
stadhero	box-3D	162
stadhr96	box-3D	162
stagger1	box-3D	163
stakwin	box-3D	142
stakwin2	box-3D	142
stankatk	box-3D	75
star100	box-3D	178
staraudi	box-3D	155
starblad	box-3D	155
starcas	box-3D	192
starcrus	box-3D	75
starfigh	box-3D	75
starfir2	box-3D	165
starfire	box-3D	165
starforc	box-3D	75
stargate	box-3D	150
starglad	box-3D	151
stargrds	box-3D	150
starhawk	box-3D	192
starjack	box-3D	147
starlstr	box-3D	155
starseek	box-3D	227
starshp1	box-3D	160
starsldr	box-3D	149
starswep	box-3D	155
startrek	box-3D	147
startrgn	box-3D	155
starwars	box-3D	160
stcc	box-3D	54
stdragon	box-3D	159
stealsee	box-3D	75
steeltal	box-3D	160
steelwkr	box-3D	157
stepchmp	box-3D	158
stg	box-3D	149
stinger	box-3D	190
stkclmns	box-3D	147
stlforce	box-3D	75
stmblade	box-3D	181
stocker	box-3D	150
stoffy	box-3D	157
stompin	box-3D	150
stonebal	box-3D	75
strahl	box-3D	75
strain	box-3D	75
stratab	box-3D	193
stratgyx	box-3D	158
stratof	box-3D	153
streakng	box-3D	158
streetg	box-3D	75
streetg2	box-3D	75
streetsm	box-3D	154
stress	box-3D	147
strgchmp	box-3D	158
strhoop	box-3D	142
strider	box-3D	6
strider2	box-3D	151
striv	box-3D	192
strkfgtr	box-3D	147
strkforc	box-3D	150
strkzone	box-3D	75
strnskil	box-3D	75
strtdriv	box-3D	160
strtheat	box-3D	161
strvmstr	box-3D	75
stunrun	box-3D	160
stuntair	box-3D	75
stuntcyc	box-3D	160
sub	box-3D	150
subroc3d	box-3D	147
subs	box-3D	160
sucasino	box-3D	75
suchie2	box-3D	159
suchie3	box-3D	56
suchiesp	box-3D	159
suikoenb	box-3D	69
sunaq	box-3D	75
sundance	box-3D	192
supbtime	box-3D	162
supduck	box-3D	177
super21	box-3D	75
superabc	box-3D	155
superbik	box-3D	179
superbon	box-3D	158
superbug	box-3D	160
superchs	box-3D	157
superdq	box-3D	188
supergm3	box-3D	75
superman	box-3D	157
superpac	box-3D	155
superspy	box-3D	142
superten	box-3D	75
supertnk	box-3D	75
supertr2	box-3D	75
supertr3	mixrbv2	75
superwng	box-3D	75
superx	box-3D	75
supgoal	box-3D	69
suplup	mixrbv2	187
supmodel	box-3D	177
supmodl2	box-3D	177
suprball	box-3D	178
suprglob	box-3D	155
suprgolf	box-3D	75
suprleag	box-3D	147
suprloco	box-3D	147
suprmous	box-3D	157
suprmrio	box-3D	161
suprpokr	box-3D	75
suprpool	box-3D	75
suprridr	box-3D	157
suprslam	box-3D	186
suprtrio	box-3D	187
supxevs	box-3D	155
suratk	box-3D	158
sureshot	box-3D	157
surfplnt	box-3D	160
survarts	box-3D	164
sushibar	box-3D	53
suzuk8h2	box-3D	155
suzuka8h	box-3D	155
suzume	box-3D	173
svc	box-3D	142
svf	box-3D	147
svg	box-3D	176
svolley	box-3D	150
swa	box-3D	147
swat	box-3D	147
swatpolc	box-3D	75
swcourt	box-3D	155
swimmer	box-3D	75
swinggal	box-3D	180
swracer	box-3D	258
sws	box-3D	155
sws92	box-3D	155
sws93	box-3D	155
sws95	box-3D	155
sws96	box-3D	155
sws97	box-3D	155
sws98	box-3D	155
sws99	box-3D	155
swtrilgy	box-3D	55
sxevious	box-3D	155
sxyreac2	box-3D	164
sxyreact	box-3D	164
syvalion	box-3D	157
szaxxon	box-3D	147
tacscan	box-3D	147
tactcian	box-3D	158
tail2nos	box-3D	75
tailg	box-3D	192
taiwanmb	box-3D	180
takoron	box-3D	227
talbot	box-3D	182
tangtang	box-3D	75
tank8	box-3D	160
tankbatt	box-3D	155
tankbust	box-3D	75
tankfrce	box-3D	155
tantr	box-3D	147
taotaido	box-3D	175
tapatune	box-3D	75
tapper	box-3D	150
targ	box-3D	165
targeth	box-3D	194
tattack	box-3D	75
tattass	box-3D	162
taxidriv	box-3D	75
tazmania	box-3D	158
tbeastw2	box-3D	164
tblkkuzu	box-3D	75
tbonusal	box-3D	75
tbowl	box-3D	153
tbyahhoo	box-3D	158
tceptor	box-3D	155
tcobra2	box-3D	157
tdfever	box-3D	154
tdoboon	box-3D	164
tdpgal	box-3D	158
tdragon	box-3D	163
tdragon2	box-3D	163
tduno	box-3D	56
tduno2	box-3D	56
teamht	box-3D	150
teamqb	box-3D	75
techbowl	box-3D	69
technodr	box-3D	155
techromn	box-3D	151
teddybb	box-3D	147
teedoff	box-3D	153
teetert	box-3D	165
tehkanwc	box-3D	75
tekipaki	box-3D	191
tekken	box-3D	155
tekken2	box-3D	155
tekken3	box-3D	155
tekkenbs	box-3D	155
tekkencw	box-3D	155
tektagt	box-3D	155
teljan	box-3D	174
telmahjn	box-3D	180
telpacfl	box-3D	75
tempest	box-3D	160
tengai	box-3D	167
tenkai	box-3D	173
tenkomor	box-3D	155
tenspot	box-3D	158
tenthdeg	box-3D	160
tenup	mixrbv2	75
terabrst	box-3D	158
term2	box-3D	150
terracre	box-3D	180
terraf	box-3D	180
tetgiant	box-3D	147
tetkiwam	box-3D	227
tetrbx	box-3D	147
tetris	box-3D	147
tetriskr	box-3D	160
tetrisp	box-3D	159
tetrisp2	box-3D	159
tetrisse	box-3D	147
tetrsark	box-3D	157
tfrceac	box-3D	147
tgm2	box-3D	167
tgmj	box-3D	151
tgtbal96	box-3D	75
tgtpanic	box-3D	158
tharrier	box-3D	164
theboat	box-3D	75
thedeep	box-3D	75
theend	box-3D	158
theglad	box-3D	176
thegrid	box-3D	150
thehand	box-3D	75
themj	box-3D	181
thenanpa	box-3D	180
thepit	box-3D	157
theroes	box-3D	47
thief	box-3D	75
thndrbld	box-3D	147
thndrx2	box-3D	158
thndzone	box-3D	162
thoop	box-3D	194
thoop2	box-3D	194
threeds	box-3D	180
thrild2	box-3D	158
thrilld	box-3D	158
thunderh	box-3D	158
thunderj	box-3D	160
thunderl	box-3D	149
thunderx	box-3D	158
thundfox	box-3D	157
tickee	box-3D	75
tigerh	box-3D	157
tigeroad	box-3D	151
tighook	box-3D	178
timber	box-3D	150
timecris	box-3D	156
timecrs2	box-3D	155
timefgtr	box-3D	157
timekill	box-3D	193
timelimt	box-3D	75
timeplt	box-3D	158
timesold	box-3D	154
timetrv	box-3D	147
timetunl	box-3D	157
tinklpit	box-3D	155
tinstar	box-3D	157
tinv2650	box-3D	75
tisland	box-3D	162
tisub	box-3D	75
titlef	box-3D	147
tjsb	box-3D	176
tjumpman	box-3D	47
tkdensho	box-3D	153
tkmmpzdm	box-3D	158
tkoboxng	box-3D	155
tm	box-3D	150
tm2k	box-3D	150
tm3k	box-3D	150
tm4k	box-3D	150
tm5k	box-3D	150
tm7k	box-3D	150
tm8k	box-3D	150
tmek	box-3D	160
tmmjprd	box-3D	75
tmnt	box-3D	158
tmnt2	box-3D	158
tmosh	box-3D	158
tmoshs	box-3D	158
tndrcade	box-3D	149
tnextspc	box-3D	154
tnk3	box-3D	154
tnzs	box-3D	157
todruaga	box-3D	155
toffy	box-3D	157
togenkyo	box-3D	180
toggle	box-3D	150
toki	box-3D	75
tokio	box-3D	157
tokisens	box-3D	147
tokkae	box-3D	158
tokyobus	box-3D	56
tokyogal	box-3D	180
tokyowar	box-3D	156
tomagic	box-3D	75
tomahawk	box-3D	162
tomcatsw	box-3D	160
tondemo	box-3D	153
tonton	box-3D	75
tontonb	box-3D	173
tonypok	box-3D	178
toobin	box-3D	160
top21	box-3D	75
topbladv	box-3D	176
topdrive	box-3D	75
topgun	box-3D	158
topgunnr	box-3D	165
tophuntr	box-3D	142
topland	box-3D	157
toppyrap	box-3D	187
toprollr	box-3D	159
topsecex	box-3D	165
topshoot	box-3D	147
topskatr	box-3D	54
topspeed	box-3D	157
toratora	box-3D	75
toride2g	box-3D	189
tornbase	box-3D	150
tortufam	box-3D	75
torus	box-3D	75
toryumon	box-3D	147
totcarn	box-3D	150
totd	box-3D	56
totlvice	box-3D	158
totmejan	box-3D	190
toto	box-3D	187
toucheme	box-3D	75
touchgo	box-3D	194
toukon3	box-3D	155
toukon4	box-3D	56
tour4000	box-3D	75
tour4010	box-3D	75
toursol	box-3D	75
tourtabl	box-3D	160
touryuu	box-3D	75
toutrun	box-3D	147
toyfight	box-3D	56
toyland	box-3D	187
toypop	box-3D	155
tp84	box-3D	158
tpgolf	box-3D	142
trackfld	box-3D	158
trally	box-3D	142
tranqgun	box-3D	147
transfrm	box-3D	147
travrusa	box-3D	148
trckydoc	box-3D	75
treacity	box-3D	75
trgheart	box-3D	227
tricktrp	box-3D	158
triothep	box-3D	162
triplep	box-3D	179
triplew1	box-3D	180
triplew2	box-3D	180
triplhnt	box-3D	160
tripool	box-3D	192
trisport	box-3D	150
triviabb	box-3D	150
triviaes	box-3D	150
triviag1	box-3D	150
triviag2	box-3D	150
triviasp	box-3D	150
triviayp	box-3D	150
trivrus	box-3D	176
trizeal	box-3D	227
troangel	box-3D	148
trog	box-3D	150
trojan	box-3D	151
trophyh	box-3D	164
trstar	box-3D	157
truco	box-3D	75
trucocl	box-3D	75
truxton	box-3D	157
truxton2	box-3D	191
trvchlng	box-3D	158
trvhang	box-3D	75
trvmadns	box-3D	75
trvmstr	box-3D	159
trvquest	box-3D	75
tryout	box-3D	162
ts2	box-3D	151
tsamurai	box-3D	157
tshingen	box-3D	159
tshoot	box-3D	150
tstrike	box-3D	157
tsukande	box-3D	158
tsupenta	mixrbv2	158
tsuwaku	box-3D	180
ttchamp	box-3D	75
tturf	box-3D	147
tubep	box-3D	180
tugboat	box-3D	75
tumblep	box-3D	162
tunhunt	box-3D	160
turbo	box-3D	147
turbofrc	box-3D	175
turbosub	box-3D	75
turbotag	box-3D	150
turfmast	box-3D	142
turkhunt	box-3D	164
turrett	box-3D	155
turtles	box-3D	158
turtship	box-3D	75
tutankhm	box-3D	158
tutstomb	box-3D	75
twcup90	box-3D	153
twcup94	box-3D	153
twcup98	box-3D	69
twcupmil	box-3D	153
twinactn	box-3D	163
twinadv	box-3D	187
twinbee	box-3D	158
twinbrat	box-3D	75
twincobr	box-3D	157
twineag2	box-3D	149
twineagl	box-3D	149
twinfalc	box-3D	75
twinhawk	box-3D	157
twinkle	box-3D	187
twinqix	box-3D	157
twins	box-3D	75
twinspri	box-3D	142
twinsqua	box-3D	147
twotiger	box-3D	150
twrshaft	box-3D	149
twsoc96	box-3D	142
tx1	box-3D	160
tylz	box-3D	209
uballoon	box-3D	75
uccops	box-3D	148
uchuuai	box-3D	180
ufosensi	box-3D	147
ultennis	box-3D	75
ultracin	box-3D	147
ultraman	box-3D	186
ultramhm	box-3D	180
ultratnk	box-3D	160
ultrax	box-3D	186
umanclub	box-3D	186
umipoker	box-3D	75
umk3	box-3D	150
unclepoo	box-3D	192
undefeat	box-3D	227
undrfire	box-3D	157
uniwars	box-3D	148
unkitpkr	box-3D	75
unkpacg	box-3D	75
unksig	mixrbv2	75
unsquad	box-3D	6
untoucha	box-3D	173
uopoko	box-3D	47
upndown	box-3D	147
upscope	box-3D	75
upyoural	box-3D	192
urachamu	box-3D	75
urashima	box-3D	75
usagi	box-3D	299
usagiym	box-3D	227
usclssic	box-3D	149
usg32	box-3D	75
usgames	box-3D	75
usvsthem	box-3D	209
utoukond	box-3D	186
v4cmaze	box-3D	75
v4tetrs	mixrbv2	75
v4timebn	box-3D	75
valkyrie	box-3D	155
valtric	box-3D	163
vamphalf	box-3D	187
vampire	box-3D	75
vandyke	box-3D	75
vangrd2	box-3D	154
vanguard	box-3D	154
vanilla	box-3D	180
vanvan	box-3D	155
vaportra	box-3D	162
vaportrx	box-3D	160
varth	box-3D	6
vasara	box-3D	181
vasara2	box-3D	181
vastar	box-3D	75
vathlete	box-3D	227
vball	box-3D	169
vblokbrk	box-3D	174
vbowl	box-3D	176
vcarn	box-3D	75
vcircle	box-3D	160
vcombat	box-3D	75
vcop	box-3D	54
vcop2	box-3D	54
vcop3	box-3D	147
vega	box-3D	75
vegasslw	box-3D	75
vendetta	box-3D	158
venture	box-3D	165
vf	box-3D	147
vf2	box-3D	54
vf3	box-3D	55
vf4	box-3D	230
vf4evo	box-3D	230
vf4tuned	box-3D	230
vfkids	box-3D	69
vfremix	box-3D	69
vfurlong	box-3D	53
vgoalsoc	box-3D	153
vhunt2	box-3D	7
victlap	box-3D	156
victnine	box-3D	157
victor21	box-3D	75
victor6	box-3D	75
victory	box-3D	165
victoryc	box-3D	75
victroad	box-3D	154
videight	box-3D	75
videopin	box-3D	160
videtron	box-3D	75
vidvince	box-3D	209
viewpoin	box-3D	142
vigilant	box-3D	148
vimana	box-3D	191
vindctr2	box-3D	160
vindictr	box-3D	160
viofight	box-3D	157
viostorm	box-3D	158
viper	box-3D	75
viprp1	box-3D	190
virnba	box-3D	56
virtpool	box-3D	193
vitaminc	box-3D	189
vivdolls	box-3D	181
vliner	box-3D	142
vmahjong	box-3D	69
vmetal	box-3D	189
volfied	box-3D	157
von	box-3D	54
von2	box-3D	55
vonot	box-3D	56
vortex	box-3D	157
vpoker	box-3D	75
vr	box-3D	147
vroulet	box-3D	75
vs2	box-3D	55
vs298	box-3D	55
vs2_2k	box-3D	56
vs2v991	box-3D	147
vsav	box-3D	7
vsav2	box-3D	7
vsbball	box-3D	161
vsfdf	box-3D	75
vsgongf	box-3D	174
vsgradus	box-3D	158
vsgshoe	box-3D	161
vshoot	box-3D	155
vsmahjng	box-3D	161
vsmjtria	box-3D	75
vsnetscr	box-3D	158
vspinbal	box-3D	161
vsskykid	box-3D	155
vsslalom	box-3D	75
vssoccer	box-3D	161
vstennis	box-3D	161
vstetris	box-3D	161
vstrik3	box-3D	230
vstriker	box-3D	54
vtenis2c	box-3D	56
vtennis	box-3D	56
vulcan	box-3D	158
vulgus	box-3D	151
wacko	box-3D	150
waidrive	box-3D	53
wakuwak7	box-3D	142
wallst	box-3D	179
wangmid	box-3D	155
wanted	box-3D	75
wantsega	box-3D	147
warahana	box-3D	173
wardner	box-3D	157
warfa	box-3D	160
wargods	box-3D	150
warlords	box-3D	160
warofbug	box-3D	158
warp1	box-3D	75
warpsped	box-3D	75
warpwarp	box-3D	155
warrior	box-3D	192
warriorb	box-3D	157
waterski	box-3D	157
watrball	box-3D	75
waverunr	box-3D	54
wb3	box-3D	147
wbbc97	box-3D	177
wbeachvl	box-3D	75
wbml	box-3D	147
wboy	box-3D	147
wcat3	box-3D	178
wcatcher	box-3D	180
wcbowl	box-3D	193
wccf116	box-3D	227
wccf212e	box-3D	227
wccf310j	box-3D	227
wccf420e	mixrbv2	227
wcherry	box-3D	178
wcvol95	box-3D	162
wecleman	box-3D	158
weddingr	box-3D	158
welltris	box-3D	175
wfortune	box-3D	193
wg3dh	box-3D	160
wgp	box-3D	157
wh1	box-3D	142
wh2	box-3D	142
wh2j	box-3D	142
wheelfir	box-3D	75
wheelrun	box-3D	75
whodunit	box-3D	165
whp	box-3D	142
wiggie	box-3D	149
wildfang	box-3D	153
wildplt	box-3D	159
willow	box-3D	6
wilytowr	box-3D	148
winbingo	box-3D	75
windheat	box-3D	158
wingforc	box-3D	174
wingwar	box-3D	147
wink	box-3D	75
winrun	box-3D	155
winrun91	mixrbv2	155
winrungp	box-3D	155
winspike	box-3D	158
winterht	box-3D	69
wiping	box-3D	180
witch	box-3D	147
witchcrd	box-3D	75
wits	box-3D	149
wivernwg	box-3D	187
wiz	box-3D	190
wizdfire	box-3D	162
wizwarz	box-3D	209
wizzquiz	box-3D	158
wjammers	box-3D	142
wldarrow	box-3D	75
wldcourt	box-3D	155
wldkicks	box-3D	56
wldrider	box-3D	230
wlstar	box-3D	187
wmatch	box-3D	147
wmg	box-3D	75
wndrmomo	box-3D	155
wndrplnt	box-3D	162
wof	box-3D	6
wolfpack	box-3D	160
wondl96	box-3D	187
wondstck	mixrbv2	75
woodpeck	box-3D	155
worldadv	box-3D	75
worldwar	box-3D	154
wotw	box-3D	192
wow	box-3D	150
wownfant	box-3D	177
wpksocv2	box-3D	159
wrally	box-3D	194
wrally2	box-3D	194
wrecking	box-3D	161
wrestwar	box-3D	147
wrofaero	box-3D	149
wrungp	box-3D	56
ws	box-3D	155
wsbbgd	box-3D	227
wschamp	box-3D	164
wseries	box-3D	192
wsf	box-3D	75
wsjr	box-3D	170
wtennis	box-3D	162
wwallyj	box-3D	147
wwanpanm	box-3D	147
wwestern	box-3D	157
wwfmania	box-3D	150
wwfroyal	box-3D	56
wwfsstar	box-3D	169
wwfwfest	box-3D	169
wwjgtin	box-3D	159
wwmarine	box-3D	147
wyvernf0	box-3D	157
x2222	box-3D	75
xday2	box-3D	155
xenophob	box-3D	150
xevi3dg	box-3D	155
xevious	box-3D	155
xexex	box-3D	158
xfiles	box-3D	75
xiistag	box-3D	299
xmcota	box-3D	7
xmen	box-3D	158
xmultipl	box-3D	148
xmvsf	box-3D	7
xorworld	box-3D	194
xrally	box-3D	154
xsedae	box-3D	190
xsleena	box-3D	157
xtheball	box-3D	75
xtrial	box-3D	158
xtrmhnt2	box-3D	53
xtrmhunt	box-3D	53
xxmissio	box-3D	75
xybots	box-3D	160
xymg	box-3D	176
xyonix	box-3D	75
yamagchi	box-3D	157
yamato	box-3D	147
yamyam	box-3D	75
yarunara	box-3D	173
yesnoj	box-3D	157
yiear	box-3D	158
yorijori	box-3D	187
yosakdon	box-3D	157
yosimoto	box-3D	180
youjyudn	box-3D	148
yujan	box-3D	75
yuka	box-3D	75
yukon	box-3D	165
yumefuda	box-3D	75
yutnori	box-3D	187
yuyugogo	box-3D	157
zaryavos	box-3D	157
zaviga	box-3D	162
zaxxon	box-3D	147
zedblade	box-3D	142
zektor	box-3D	147
zerogu2	box-3D	56
zerogun	box-3D	54
zerohour	box-3D	188
zeropnt	box-3D	75
zeropnt2	box-3D	75
zeroteam	box-3D	190
zerotrgt	box-3D	162
zerowing	box-3D	191
zerozone	box-3D	177
zigzagb	box-3D	158
zingzip	box-3D	149
zintrckb	box-3D	142
zipzap	box-3D	177
znpwfv	box-3D	69
zoar	box-3D	162
zodiack	box-3D	75
zokuoten	box-3D	299
zombraid	box-3D	164
zombrvn	box-3D	56
zookeep	box-3D	157
zooo	box-3D	299
zortonbr	box-3D	170
zunkyou	box-3D	147
zunou	box-3D	56
zupapa	box-3D	142
zwackery	box-3D	150
zzyzzyxx	box-3D	192
